New_Route_ID,Route_Name,Action_Taken,Route_Type,Priority_Band,Headway_Min,Fleet_Required,HPV_Count,MPV_Count,CMP_Trunk,CMP_Route_ID,Population_Served,Social_Flag
FDR-351,AIRPORT RANIBAGH LALYAL ↔ JEWEL AKHNOOR ROAD,RETAINED_AS_FEEDER,Regional_District,MP,90,7,0,7,False,,666,True
FDR-130,AMBHALLA ↔ MISHRIWALA,RETAINED_AS_FEEDER,Peri_Urban,MP,30,7,0,7,False,,292,True
FDR-155,AMBPHALA ↔ BADORI SMAILPUR,RETAINED_AS_FEEDER,Peri_Urban,MP,30,11,0,11,False,,429,True
FDR-017,AMBPHALLA ↔ MUTHI CAMP PHASE II,RETAINED_AS_FEEDER,Urban,MP,30,4,0,4,False,,201,True
FDR-148,AMBPHALLA ↔ BATHINDI,RETAINED_AS_FEEDER,Urban,MP,30,5,0,5,False,,292,True
FDR-151,AMBPHALLA ↔ BIRPUR,RETAINED_AS_FEEDER,Peri_Urban,MP,30,7,0,7,False,,260,True
FDR-133,AMBPHALLA ↔ RAYA SUCHAINI,RETAINED_AS_FEEDER,Peri_Urban,MP,30,10,0,10,False,,414,True
FDR-033,AMBPHALLA ↔ BATHINDI,RETAINED_AS_FEEDER,Urban,MP,30,4,0,4,False,,160,True
FDR-112,AMBPHALLA ↔ BATHINDI,RETAINED_AS_FEEDER,Urban,MP,30,4,0,4,False,,259,True
FDR-326,AMBPHALLA ↔ BADHAI KARWAL,RETAINED_AS_FEEDER,Peri_Urban,MP,30,8,0,8,False,,153,True
FDR-295,AMBPHALLA ↔ PATTI,RETAINED_AS_FEEDER,Peri_Urban,MP,30,11,0,11,False,,293,True
TRK-028,AMPHALA ↔ TRIKUTA NAGAR G  KALISH,UPGRADED_TO_TRUNK,Urban,HP,15,6,6,0,False,,166,True
FDR-239,AMPHALLA ↔ BADHORI,RETAINED_AS_FEEDER,Peri_Urban,MP,30,14,0,14,False,,472,True
FDR-084,AMPHALLA ↔ KHIYARIAN CAMP,RETAINED_AS_FEEDER,Urban,MP,30,5,0,5,False,,197,False
FDR-097,AMPHALLA ↔ SARORE,RETAINED_AS_FEEDER,Peri_Urban,MP,30,9,0,9,False,,375,True
FDR-305,AMPHALLA ↔ MANDIA MANKA KHOUR,RETAINED_AS_FEEDER,Peri_Urban,MP,30,10,0,10,False,,218,True
FDR-087,AMPHALLA ↔ KHERIAN,RETAINED_AS_FEEDER,Peri_Urban,MP,30,8,0,8,False,,392,True
FDR-018,AMPHALLA ↔ MUTHI CAMP PHASE 2ND,RETAINED_AS_FEEDER,Urban,MP,30,4,0,4,False,,201,True
FDR-276,AMPHALLA ↔ KHERI REHAL,RETAINED_AS_FEEDER,Peri_Urban,MP,30,11,0,11,False,,279,True
FDR-360,AMPHALLA ↔ KATTAL BATAL,RETAINED_AS_FEEDER,Urban,LP,60,4,0,4,False,,205,False
FDR-277,AMPHALLA ↔ KHERI REHAL,RETAINED_AS_FEEDER,Peri_Urban,MP,30,11,0,11,False,,279,True
FDR-299,AMPHALLA ↔ GANGYAL,RETAINED_AS_FEEDER,Peri_Urban,MP,30,10,0,10,False,,249,True
FDR-411,AMPHALLA ↔ DHAKOO CHAK,RETAINED_AS_FEEDER,Urban,HP,15,2,0,2,False,,43,False
FDR-016,AMPHALLA ↔ TALAB TILLO BOHRI,RETAINED_AS_FEEDER,Urban,MP,30,3,0,3,False,,151,False
FDR-131,AMPHALLA ↔ MISHRIWALA,RETAINED_AS_FEEDER,Peri_Urban,MP,30,7,0,7,False,,292,True
FDR-197,AMPHALLA ↔ BISHNAH,RETAINED_AS_FEEDER,Peri_Urban,MP,30,14,0,14,False,,435,True
FDR-280,AMPHALLA ↔ GARHI LODARE VILLAGE,RETAINED_AS_FEEDER,Urban,LP,60,4,0,4,False,,193,False
FDR-291,AMPHALLA ↔ BISHNAH,RETAINED_AS_FEEDER,Peri_Urban,MP,30,11,0,11,False,,292,True
FDR-412,AMPHALLA ↔ CHANNI HIMMAT,RETAINED_AS_FEEDER,Urban,HP,15,2,0,2,False,,43,False
FDR-413,AMPHALLA ↔ CHANNI HIMMAT,RETAINED_AS_FEEDER,Urban,HP,15,2,0,2,False,,43,False
FDR-258,AMPHALLA ↔ SIMBAL CAMP,RETAINED_AS_FEEDER,Peri_Urban,MP,30,10,0,10,False,,250,True
FDR-083,AMPHALLA ↔ SAMILPUR,RETAINED_AS_FEEDER,Peri_Urban,MP,30,8,0,8,False,,384,True
FDR-328,AMPHALLA ↔ BARUIE KARWAL,RETAINED_AS_FEEDER,Peri_Urban,MP,30,8,0,8,False,,154,True
FDR-014,AMPHALLA ↔ TRIKUTA NAGAR,RETAINED_AS_FEEDER,Urban,MP,30,4,0,4,False,,197,True
FDR-284,AMPHALLA ↔ GANGYAL,RETAINED_AS_FEEDER,Peri_Urban,MP,30,9,0,9,False,,208,True
FDR-193,AMPHALLA ↔ BISHNAH,RETAINED_AS_FEEDER,Peri_Urban,MP,30,14,0,14,False,,436,True
FDR-060,AMPHALLA ↔ GARHI LODARE VILLAGE,RETAINED_AS_FEEDER,Urban,MP,30,3,0,3,False,,202,False
FDR-113,AMPHALLA ↔ BATHINDI,RETAINED_AS_FEEDER,Urban,MP,30,4,0,4,False,,259,True
FDR-195,AMPHALLA ↔ BISHNAH,RETAINED_AS_FEEDER,Peri_Urban,MP,30,8,0,8,False,,290,True
FDR-257,AMPHALLA ↔ SIMBAL CAMP,RETAINED_AS_FEEDER,Peri_Urban,MP,30,9,0,9,False,,249,True
FDR-327,AMPHALLA ↔ BARUIE KARWAL,RETAINED_AS_FEEDER,Peri_Urban,MP,30,8,0,8,False,,153,True
CMP-02,AMPHALLA ↔ SUNJWAN,UPGRADED_TO_TRUNK,Urban,MP,10,20,17,3,True,CMP-02,345,True
FDR-015,AMPHALLA ↔ TRIKUTA NAGAR,RETAINED_AS_FEEDER,Urban,MP,30,4,0,4,False,,196,True
FDR-020,AMPHALLA ↔ BOHRI,RETAINED_AS_FEEDER,Urban,MP,30,3,0,3,False,,149,False
FDR-414,AMPHALLA ↔ GARHI LODARE VILLAGE,RETAINED_AS_FEEDER,Urban,HP,15,2,0,2,False,,43,False
FDR-038,AMPHALLA ↔ BATHINDI,RETAINED_AS_FEEDER,Urban,MP,30,3,0,3,False,,262,True
FDR-126,AMPHALLA ↔ CHANNI HIMMAT,RETAINED_AS_FEEDER,Urban,MP,30,5,0,5,False,,337,True
FDR-208,AMPHALLA ↔ CHOWADI BIRPUR,RETAINED_AS_FEEDER,Peri_Urban,MP,30,8,0,8,False,,441,True
FDR-173,AMPHALLA ↔ CHOWADI BIRPUR,RETAINED_AS_FEEDER,Peri_Urban,MP,30,7,0,7,False,,440,True
FDR-177,AMPHALLA ↔ KALYANPUR,RETAINED_AS_FEEDER,Peri_Urban,MP,30,8,0,8,False,,313,True
FDR-127,AMPHALLA ↔ JHIRI KANACHAK,RETAINED_AS_FEEDER,Peri_Urban,MP,30,7,0,7,False,,291,True
FDR-132,AMPHALLA ↔ MISHRIWALA,RETAINED_AS_FEEDER,Peri_Urban,MP,30,7,0,7,False,,292,True
FDR-052,AMPHALLA ↔ REHAL SAIDGARH BARI BRAHMANA SARORE,RETAINED_AS_FEEDER,Peri_Urban,MP,30,8,0,8,False,,370,True
FDR-415,AMPHALLA ↔ MUTHI MIGRANT CAMP PHASE II,RETAINED_AS_FEEDER,Urban,HP,15,2,0,2,False,,43,False
FDR-364,AMPHALLA ↔ GHO MANHASAN,RETAINED_AS_FEEDER,Regional_District,MP,90,8,0,8,False,,263,True
FDR-240,AMPHALLA ↔ BADHORI,RETAINED_AS_FEEDER,Peri_Urban,MP,30,14,0,14,False,,472,True
FDR-207,AMPHALLA ↔ KANA CHAK,RETAINED_AS_FEEDER,Peri_Urban,MP,30,9,0,9,False,,320,True
CMP-02,AMPHALLA ↔ SUNJWAN,UPGRADED_TO_TRUNK,Urban,HP,10,17,15,2,True,CMP-02,207,True
FDR-416,AMPHALLA ↔ KANACHAK,RETAINED_AS_FEEDER,Urban,HP,15,4,0,4,False,,66,True
FDR-217,AMPHALLA ↔ KANACHAK LALYAL,RETAINED_AS_FEEDER,Peri_Urban,MP,30,10,0,10,False,,323,True
FDR-236,AMPHALLA ↔ GAJANSOO KARLOOP,RETAINED_AS_FEEDER,Peri_Urban,LP,60,4,0,4,False,,220,False
FDR-162,AMPHALLA ↔ BISHNAH,RETAINED_AS_FEEDER,Peri_Urban,MP,30,8,0,8,False,,266,True
FDR-318,AMPHALLA ↔ KOTLI BISHNAH,RETAINED_AS_FEEDER,Peri_Urban,MP,30,15,0,15,False,,326,True
FDR-181,AMPHALLA ↔ GHO MANHASAN,RETAINED_AS_FEEDER,Urban,MP,30,7,0,7,False,,231,False
FDR-329,AMPHALLA ↔ KARWAL,RETAINED_AS_FEEDER,Regional_District,MP,90,9,0,9,False,,468,True
FDR-172,AMPHALLA ↔ MARALIA MAMKA KHOUR,RETAINED_AS_FEEDER,Urban,MP,30,4,0,4,False,,128,True
FDR-417,AMPHALLA ↔ SAINIK COLONY,RETAINED_AS_FEEDER,Urban,HP,15,2,0,2,False,,43,False
FDR-061,AMPHALLA ↔ BANTALAB BAJWAN,RETAINED_AS_FEEDER,Urban,MP,30,3,0,3,False,,181,False
FDR-407,AMPHALLA ↔ MAKWAL,RETAINED_AS_FEEDER,Peri_Urban,LP,60,8,0,8,False,,194,False
FDR-176,AMPHALLA ↔ BATHINDI,RETAINED_AS_FEEDER,Urban,MP,30,7,0,7,False,,324,True
FDR-166,AMPHALLA ↔ NARI KULLIAN,RETAINED_AS_FEEDER,Urban,MP,30,4,0,4,False,,127,True
FDR-145,AMPHALLA ↔ KARWAL,RETAINED_AS_FEEDER,Peri_Urban,MP,30,12,0,12,False,,404,True
FDR-337,AMPHALLA ↔ PATTI,RETAINED_AS_FEEDER,Peri_Urban,MP,30,13,0,13,False,,244,True
FDR-418,AMPHALLA ↔ RAJPURA SUA NO 1,RETAINED_AS_FEEDER,Urban,MP,30,2,0,2,False,,77,True
FDR-322,AMPHALLA ↔ PRAMBLI,RETAINED_AS_FEEDER,Peri_Urban,MP,30,8,0,8,False,,152,True
FDR-111,AMPHALLA ↔ KERAN,RETAINED_AS_FEEDER,Peri_Urban,MP,30,7,0,7,False,,275,True
FDR-268,AMPHALLA ↔ KIRPIND,RETAINED_AS_FEEDER,Peri_Urban,MP,30,10,0,10,False,,243,True
FDR-419,AMPHALLA ↔ BRAHMAN MOHALLA CHOWADI,RETAINED_AS_FEEDER,Urban,HP,15,2,0,2,False,,43,False
FDR-088,AMPHALLA ↔ KHARIAN,RETAINED_AS_FEEDER,Urban,MP,30,6,0,6,False,,240,True
FDR-378,AMPHALLA ↔ MAKWAL CAMP MANDAL PHALLIAN,RETAINED_AS_FEEDER,Regional_District,MP,90,8,0,8,False,,215,True
FDR-420,AMPHALLA ↔ JASMA,RETAINED_AS_FEEDER,Urban,HP,15,2,0,2,False,,43,False
FDR-234,AMPHALLA ↔ PHINDER,RETAINED_AS_FEEDER,Peri_Urban,MP,30,8,0,8,False,,215,True
FDR-085,AMPHALLA ↔ DASOOR,RETAINED_AS_FEEDER,Urban,MP,30,5,0,5,False,,262,True
FDR-421,AMPHALLA ↔ BADHORI SMAILPUR,RETAINED_AS_FEEDER,Urban,HP,15,2,0,2,False,,43,False
FDR-154,AMPHALLA ↔ BHATHINDI,RETAINED_AS_FEEDER,Urban,MP,30,6,0,6,False,,294,True
FDR-273,AMPHALLA ↔ MARALIAN,RETAINED_AS_FEEDER,Peri_Urban,MP,30,12,0,12,False,,303,True
FDR-317,AMPHALLA ↔ LALYAL,RETAINED_AS_FEEDER,Peri_Urban,MP,30,8,0,8,False,,144,True
FDR-167,AMPHALLA ↔ CHOHALLA TANDA KOTLI,RETAINED_AS_FEEDER,Urban,MP,30,4,0,4,False,,127,True
FDR-019,AMPHALLA ↔ GOLE GUJRAL KHARIAN,RETAINED_AS_FEEDER,Urban,MP,30,3,0,3,False,,158,False
FDR-306,AMPHALLA ↔ MARALIAN MAMKA KHOUR,RETAINED_AS_FEEDER,Peri_Urban,MP,30,10,0,10,False,,218,True
FDR-345,BABA TALAB ↔ MARH,RETAINED_AS_FEEDER,Urban,LP,60,3,0,3,False,,382,False
FDR-001,BABA TALAB ↔ MARH GAJANSOO,RETAINED_AS_FEEDER,Urban,MP,30,4,0,4,False,,403,False
FDR-123,BAHU FORT ↔ KUNJWANI,RETAINED_AS_FEEDER,Urban,MP,30,5,0,5,False,,753,False
FDR-071,BAHU FORT ↔ BANTALAB OLD MOHALLA,RETAINED_AS_FEEDER,Urban,MP,30,5,0,5,False,,232,True
FDR-365,BAHU FORT ↔ RAIPUR,RETAINED_AS_FEEDER,Regional_District,MP,90,8,0,8,False,,416,True
FDR-079,BAHU FORT ↔ JANIPUR COLONY,RETAINED_AS_FEEDER,Urban,MP,30,5,0,5,False,,185,True
FDR-081,BAHU FORT ↔ AGHORE,RETAINED_AS_FEEDER,Urban,MP,30,3,0,3,False,,104,True
FDR-124,BAHU FORT ↔ KUNWANI,RETAINED_AS_FEEDER,Urban,MP,30,5,0,5,False,,753,False
FDR-055,BAHU FORT ↔ MUTHI CAMP PHASE II,RETAINED_AS_FEEDER,Urban,MP,30,4,0,4,False,,172,True
FDR-254,BAHU FORT ↔ GHAROTA,RETAINED_AS_FEEDER,Peri_Urban,MP,30,12,0,12,False,,362,True
FDR-080,BAHU FORT ↔ BANTALAB OLD MOHALLA,RETAINED_AS_FEEDER,Urban,MP,30,5,0,5,False,,231,True
FDR-255,BAHU FORT ↔ NAGROTA,RETAINED_AS_FEEDER,Urban,MP,30,6,0,6,False,,167,True
FDR-182,BAKSHI NAGAR ↔ DOUNGIAN,RETAINED_AS_FEEDER,Urban,MP,30,7,0,7,False,,219,True
FDR-275,BAKSHI NAGAR ↔ HIRA CHAK GADLA,RETAINED_AS_FEEDER,Peri_Urban,MP,30,8,0,8,False,,681,True
FDR-183,BAKSHI NAGAR ↔ DOUNGIAN,RETAINED_AS_FEEDER,Urban,MP,30,7,0,7,False,,219,True
FDR-422,BAKSHI NAGAR PULI ↔ AGHORE,RETAINED_AS_FEEDER,Urban,MP,30,2,0,2,False,,118,True
FDR-059,BAKSHI NAGAR PULI ↔ BARNAI BANTALAB,RETAINED_AS_FEEDER,Urban,MP,30,3,0,3,False,,197,True
FDR-121,BAKSHI NAGAR PULLI ↔ BARNAI,RETAINED_AS_FEEDER,Urban,MP,30,5,0,5,False,,249,True
FDR-423,BAKSHI NAGAR PULLI ↔ GAJANSOO MARH,RETAINED_AS_FEEDER,Urban,MP,30,2,0,2,False,,294,True
FDR-253,BAKSHI NAGAR PULLI ↔ GHO MANHASAN SAAGNI,RETAINED_AS_FEEDER,Urban,MP,30,6,0,6,False,,546,True
FDR-200,BAKSHI NAGAR PULLI ↔ MISHRIWALA,RETAINED_AS_FEEDER,Peri_Urban,MP,30,6,0,6,False,,652,True
FDR-237,BAKSHI NAGAR PULLI ↔ AGORE,RETAINED_AS_FEEDER,Urban,MP,30,4,0,4,False,,118,True
FDR-178,BAKSHI NAGAR PULLI ↔ CHAGOLE CHAK,RETAINED_AS_FEEDER,Urban,MP,30,6,0,6,False,,617,True
FDR-179,BAKSHI NAGAR PULLI ↔ CHAFFER CHAK,RETAINED_AS_FEEDER,Urban,MP,30,6,0,6,False,,617,True
FDR-312,BAKSHI NAGAR PULLI ↔ CHAK JAFFAR,RETAINED_AS_FEEDER,Peri_Urban,MP,30,9,0,9,False,,272,True
FDR-357,BAKSHI NAGAR PULLI JIC ↔ HALKA MARH,RETAINED_AS_FEEDER,Regional_District,MP,90,7,0,7,False,,902,True
FDR-342,BAKSHI NAGAR PULLI NEAR JIC ↔ LALYAL,RETAINED_AS_FEEDER,Peri_Urban,MP,30,8,0,8,False,,157,True
FDR-031,BANTALAB ↔ TRIKUTA NAGAR,RETAINED_AS_FEEDER,Urban,MP,30,6,0,6,False,,274,True
FDR-091,BANTALAB ↔ SMAILPUR,RETAINED_AS_FEEDER,Peri_Urban,MP,30,10,0,10,False,,487,True
FDR-092,BANTALAB ↔ SMAILPUR,RETAINED_AS_FEEDER,Peri_Urban,MP,30,10,0,10,False,,487,True
FDR-093,BAN TALAB ↔ SMAILPUR,RETAINED_AS_FEEDER,Peri_Urban,MP,30,10,0,10,False,,487,True
FDR-264,BANTALAB NARTHANI ↔ BAJWAN TRIKUTA COLLEGE,RETAINED_AS_FEEDER,Urban,LP,60,2,0,2,False,,583,False
FDR-424,BARNAI PUL ↔ KHAIRI KANGAR,RETAINED_AS_FEEDER,Urban,MP,30,2,0,2,False,,328,False
FDR-324,BAWA TALAB ↔ GHO MANHASA,RETAINED_AS_FEEDER,Urban,LP,60,4,0,4,False,,423,False
FDR-346,BAWA TALAB ↔ MARH,RETAINED_AS_FEEDER,Urban,LP,60,3,0,3,False,,382,False
FDR-403,BAWA TALAB ↔ HALQA MARH,RETAINED_AS_FEEDER,Peri_Urban,LP,60,3,0,3,False,,495,False
FDR-347,BAWA TALAB ↔ CHADGALI,RETAINED_AS_FEEDER,Urban,LP,60,3,0,3,False,,382,False
FDR-352,B C ROAD ↔ KATTAL BATTAL,RETAINED_AS_FEEDER,Peri_Urban,LP,60,4,0,4,False,,111,False
FDR-002,BIKRAM CHOWK ↔ PURMANDAL,RETAINED_AS_FEEDER,Peri_Urban,MP,30,12,0,12,False,,346,True
TRK-027,BIKRAM CHOWK ↔ CAMP GOLE GOJRAL,UPGRADED_TO_TRUNK,Urban,HP,15,5,5,0,False,,183,True
FDR-349,BIKRAM CHOWK WARE HOUSE BRIDGE ↔ RAIPUR,RETAINED_AS_FEEDER,Urban,MP,30,3,0,3,False,,84,True
FDR-361,BIKRAM CHOWK WARE HOUSE BRIDGE ↔ RAIPUR,RETAINED_AS_FEEDER,Urban,MP,30,5,0,5,False,,106,True
FDR-367,B S F CAMPUS ↔ GHO MANHASA,RETAINED_AS_FEEDER,Urban,MP,30,4,0,4,False,,903,True
FDR-340,B S F CAMPUS PALOURA ↔ KARLOOP,RETAINED_AS_FEEDER,Urban,LP,60,3,0,3,False,,427,False
FDR-307,B S F PALOURA ↔ PATNYAL,RETAINED_AS_FEEDER,Urban,LP,60,3,0,3,False,,383,False
FDR-339,BSF PALOURA ↔ LAHORI CHACK,RETAINED_AS_FEEDER,Peri_Urban,LP,60,5,0,5,False,,531,False
FDR-334,BSF PALOURA ↔ MARH HALQA,RETAINED_AS_FEEDER,Urban,LP,60,3,0,3,False,,434,False
FDR-054,BSF PALOURA ↔ ROOPNAGAR,RETAINED_AS_FEEDER,Urban,MP,30,7,0,7,False,,302,True
FDR-211,BUS STAND K C ↔ BANTALAB UPPER THATHAR,RETAINED_AS_FEEDER,Urban,LP,60,2,0,2,False,,474,False
FDR-224,BUS STAND MAHESHPURA ↔ GHO MANHASAN LAHORI CHAK,RETAINED_AS_FEEDER,Urban,LP,60,3,0,3,False,,221,False
FDR-072,BUS STAND ROOP NAGAR ↔ BARI BRAHMANA IND COMPLEX,RETAINED_AS_FEEDER,Peri_Urban,MP,30,10,0,10,False,,458,True
FDR-232,CANAL HEAD ↔ GHO MANHASAN,RETAINED_AS_FEEDER,Urban,LP,60,3,0,3,False,,606,False
FDR-266,CHANNI HIMMAT ↔ RAIPUR,RETAINED_AS_FEEDER,Urban,MP,30,5,0,5,False,,221,True
FDR-215,CHANNI HIMMAT ↔ RAIPUR KHERI,RETAINED_AS_FEEDER,Peri_Urban,MP,30,7,0,7,False,,213,True
FDR-064,CHANNI HIMMIT ↔ SWARN VIHAR,RETAINED_AS_FEEDER,Urban,MP,30,6,0,6,False,,292,True
FDR-425,GANESHU CHACK ↔ M H HOSPITAL SATWARI CANT,RETAINED_AS_FEEDER,Urban,LP,60,2,0,2,False,,104,False
FDR-426,HIGH COURT JANIPUR GRID STAION ↔ BISHNAH,RETAINED_AS_FEEDER,Urban,MP,30,2,0,2,False,,84,False
FDR-296,HIGH COURT JANIPUR GRID STAION ↔ BISHNAH,RETAINED_AS_FEEDER,Peri_Urban,MP,30,11,0,11,False,,277,True
FDR-319,INDIRA CHOWK ↔ JAGTI MIGRANT CAMP,RETAINED_AS_FEEDER,Peri_Urban,LP,60,4,0,4,False,,166,False
FDR-377,JAMMU ↔ NARAYANA MILLAN DI KHUI,RETAINED_AS_FEEDER,Peri_Urban,LP,60,5,0,5,False,,424,False
FDR-383,JAMMU BUS STAND ↔ MATHWAR,RETAINED_AS_FEEDER,Regional_District,LP,90,7,0,7,False,,510,False
FDR-056,JANIPUR ↔ BAHUFORT,RETAINED_AS_FEEDER,Urban,MP,30,4,0,4,False,,169,True
FDR-186,JANIPUR ↔ BISHNAH,RETAINED_AS_FEEDER,Peri_Urban,MP,30,9,0,9,False,,342,True
FDR-191,JANIPUR ↔ BISHNAH,RETAINED_AS_FEEDER,Peri_Urban,MP,30,14,0,14,False,,486,True
FDR-095,JANIPUR ↔ DASSORE,RETAINED_AS_FEEDER,Peri_Urban,MP,30,6,0,6,False,,309,True
FDR-321,JANIPUR ↔ TOP MANASA,RETAINED_AS_FEEDER,Peri_Urban,MP,30,10,0,10,False,,194,True
FDR-026,JANIPUR ↔ CHATHA,RETAINED_AS_FEEDER,Urban,MP,30,4,0,4,False,,218,True
FDR-325,JANIPUR ↔ MISHRIWALA,RETAINED_AS_FEEDER,Regional_District,MP,90,7,0,7,False,,392,True
FDR-427,JANIPUR ↔ GARHI LADORE,RETAINED_AS_FEEDER,Urban,MP,30,2,0,2,False,,139,True
FDR-021,JANIPUR ↔ TRIKUTA NAGAR,RETAINED_AS_FEEDER,Urban,MP,30,5,0,5,False,,231,True
FDR-156,JANIPUR ↔ BISHNAH,RETAINED_AS_FEEDER,Peri_Urban,MP,30,9,0,9,False,,315,True
FDR-128,JANIPUR ↔ SUNJWAN,RETAINED_AS_FEEDER,Peri_Urban,MP,30,8,0,8,False,,268,True
FDR-289,JANIPUR ↔ BISHNAH,RETAINED_AS_FEEDER,Peri_Urban,MP,30,11,0,11,False,,289,True
CMP-04,JANIPUR ↔ SAINIK COLONY,UPGRADED_TO_TRUNK,Urban,MP,10,13,12,1,True,CMP-04,174,True
FDR-096,JANIPUR ↔ KOTLI MURALIAN,RETAINED_AS_FEEDER,Peri_Urban,MP,30,6,0,6,False,,309,True
FDR-146,JANIPUR ↔ BARI BRAHMANA IND  COMPLEX,RETAINED_AS_FEEDER,Peri_Urban,MP,30,12,0,12,False,,453,True
FDR-252,JANIPUR ↔ KOTLI MIAN FETHY,RETAINED_AS_FEEDER,Peri_Urban,MP,30,11,0,11,False,,319,True
FDR-171,JANIPUR ↔ CHATHA,RETAINED_AS_FEEDER,Peri_Urban,MP,30,8,0,8,False,,270,True
CMP-01,JANIPUR ↔ CHANNI HIMMAT,UPGRADED_TO_TRUNK,Urban,HP,10,15,13,2,True,CMP-01,246,True
FDR-192,JANIPUR ↔ BISHNAH,RETAINED_AS_FEEDER,Peri_Urban,MP,30,14,0,14,False,,486,True
FDR-125,JANIPUR ↔ SANGRAMPUR,RETAINED_AS_FEEDER,Urban,MP,30,6,0,6,False,,255,False
FDR-428,JANIPUR ↔ DASSORE,RETAINED_AS_FEEDER,Urban,MP,30,2,0,2,False,,96,False
FDR-198,JANIPUR ↔ BISHNAH,RETAINED_AS_FEEDER,Peri_Urban,MP,30,9,0,9,False,,339,True
FDR-050,JANIPUR ↔ BAHUFORT,RETAINED_AS_FEEDER,Urban,MP,30,4,0,4,False,,171,True
FDR-230,JANIPUR ↔ ASSARWAN DEGREE COLLEGE,RETAINED_AS_FEEDER,Urban,LP,60,3,0,3,False,,340,False
FDR-048,JANIPUR ↔ MUTHI VILLAGE,RETAINED_AS_FEEDER,Urban,MP,30,6,0,6,False,,281,True
FDR-368,JANIPUR ↔ SUM TOPH MAKWAL,RETAINED_AS_FEEDER,Regional_District,MP,90,8,0,8,False,,251,True
FDR-051,JANIPUR ↔ MAHAMAYA,RETAINED_AS_FEEDER,Urban,MP,30,4,0,4,False,,171,True
FDR-024,JANIPUR ↔ TRIKUTA NAGAR,RETAINED_AS_FEEDER,Urban,MP,30,5,0,5,False,,244,True
CMP-04,JANIPUR ↔ GUJJAR COLONY,UPGRADED_TO_TRUNK,Urban,HP,10,5,5,0,True,CMP-04,96,False
FDR-369,JANIPUR ↔ MAKWAL CAMP,RETAINED_AS_FEEDER,Regional_District,MP,90,8,0,8,False,,251,True
FDR-429,JANIPUR ↔ KHAIRIAN,RETAINED_AS_FEEDER,Urban,MP,30,2,0,2,False,,96,False
CMP-04,JANIPUR ↔ SAINIK COLONY,UPGRADED_TO_TRUNK,Urban,HP,10,5,5,0,True,CMP-04,96,False
FDR-370,JANIPUR ↔ MALKEY CHAK MAKWAL,RETAINED_AS_FEEDER,Regional_District,MP,90,8,0,8,False,,251,True
FDR-030,JANIPUR ↔ MUTHI MISHRI WALA,RETAINED_AS_FEEDER,Urban,MP,30,5,0,5,False,,252,True
FDR-141,JANIPUR ↔ LADORE,RETAINED_AS_FEEDER,Peri_Urban,MP,30,8,0,8,False,,332,True
FDR-168,JANIPUR ↔ KOTHEY MASADPUR,RETAINED_AS_FEEDER,Urban,MP,30,5,0,5,False,,175,True
FDR-430,JANIPUR ↔ TALAB TILLO BOHRI,RETAINED_AS_FEEDER,Urban,MP,30,2,0,2,False,,100,False
FDR-134,JANIPUR ↔ GUJJAR NAGAR,RETAINED_AS_FEEDER,Peri_Urban,MP,30,13,0,13,False,,532,True
FDR-245,JANIPUR ↔ GHO SANDWAN,RETAINED_AS_FEEDER,Peri_Urban,LP,60,5,0,5,False,,297,False
FDR-142,JANIPUR ↔ LADORE,RETAINED_AS_FEEDER,Peri_Urban,MP,30,8,0,8,False,,332,True
FDR-431,JANIPUR ↔ MUTHI MISHRIWALA SHAMA CHAK,RETAINED_AS_FEEDER,Urban,MP,30,2,0,2,False,,96,False
FDR-065,JANIPUR ↔ BARI BRAHMANA,RETAINED_AS_FEEDER,Peri_Urban,MP,30,9,0,9,False,,418,True
FDR-338,JANIPUR ↔ LAHORI CHAK,RETAINED_AS_FEEDER,Peri_Urban,LP,60,5,0,5,False,,262,False
FDR-115,JANIPUR ↔ CHAK JAFFER,RETAINED_AS_FEEDER,Urban,MP,30,4,0,4,False,,168,False
FDR-348,JANIPUR ↔ KHAIRI REHAL,RETAINED_AS_FEEDER,Peri_Urban,LP,60,6,0,6,False,,173,False
CMP-01,JANIPUR ↔ CHANNI HIMMAT,UPGRADED_TO_TRUNK,Urban,HP,10,17,15,2,True,CMP-01,261,True
FDR-432,JANIPUR ↔ MARJALI,RETAINED_AS_FEEDER,Urban,MP,30,2,0,2,False,,96,False
FDR-433,JANIPUR ↔ MAHAMAYA,RETAINED_AS_FEEDER,Urban,MP,30,2,0,2,False,,96,False
FDR-219,JANIPUR ↔ KULWAL,RETAINED_AS_FEEDER,Peri_Urban,MP,30,16,0,16,False,,490,True
FDR-159,JANIPUR ↔ SIMBAL,RETAINED_AS_FEEDER,Urban,MP,30,5,0,5,False,,174,True
FDR-029,JANIPUR ↔ CHATHA,RETAINED_AS_FEEDER,Urban,MP,30,4,0,4,False,,221,True
FDR-358,JANIPUR ↔ KHAIRI REHAL,RETAINED_AS_FEEDER,Peri_Urban,LP,60,5,0,5,False,,148,False
FDR-434,JANIPUR ↔ PURKHOO MIGRANT CAMP TAKU CHACK,RETAINED_AS_FEEDER,Urban,MP,30,2,0,2,False,,96,False
FDR-274,JANIPUR ↔ BADHORI,RETAINED_AS_FEEDER,Regional_District,MP,90,7,0,7,False,,553,True
FDR-435,JANIPUR ↔ GARHI LADORE,RETAINED_AS_FEEDER,Urban,MP,30,3,0,3,False,,122,True
FDR-233,JANIPUR ↔ LAKKAR MANDI GANDHI NAGAR,RETAINED_AS_FEEDER,Peri_Urban,MP,30,12,0,12,False,,370,True
FDR-216,JANIPUR ↔ KANA CHAK LALYAL,RETAINED_AS_FEEDER,Peri_Urban,MP,30,11,0,11,False,,376,True
FDR-184,JANIPUR ↔ BISHNAH,RETAINED_AS_FEEDER,Peri_Urban,MP,30,10,0,10,False,,342,True
FDR-068,JANIPUR ↔ KUNJWANI B C ROAD,RETAINED_AS_FEEDER,Peri_Urban,MP,30,7,0,7,False,,348,True
FDR-136,JANIPUR ↔ SUNJWAN,RETAINED_AS_FEEDER,Peri_Urban,MP,30,8,0,8,False,,269,True
FDR-304,JANIPUR ↔ GHO MANHASAN,RETAINED_AS_FEEDER,Urban,LP,60,4,0,4,False,,237,False
FDR-032,JANIPUR ↔ SHASTRI NAGAR,RETAINED_AS_FEEDER,Urban,MP,30,5,0,5,False,,237,True
FDR-292,JANIPUR ↔ PATTI,RETAINED_AS_FEEDER,Peri_Urban,MP,30,11,0,11,False,,341,True
FDR-436,JANIPUR ↔ PURKHOO CAMP,RETAINED_AS_FEEDER,Urban,MP,30,2,0,2,False,,96,False
FDR-242,JANIPUR ↔ BISHNAH,RETAINED_AS_FEEDER,Regional_District,MP,90,6,0,6,False,,517,True
FDR-437,JANIPUR ↔ JASSORE,RETAINED_AS_FEEDER,Urban,MP,30,2,0,2,False,,96,False
CMP-04,JANIPUR ↔ SAINIK COLONY,UPGRADED_TO_TRUNK,Urban,MP,10,14,12,2,True,CMP-04,175,True
FDR-316,JANIPUR ↔ KARWAL,RETAINED_AS_FEEDER,Peri_Urban,MP,30,9,0,9,False,,201,True
FDR-438,JANIPUR ↔ HIRACHAK,RETAINED_AS_FEEDER,Urban,MP,30,2,0,2,False,,96,False
FDR-187,JANIPUR ↔ BISHNAH,RETAINED_AS_FEEDER,Peri_Urban,MP,30,9,0,9,False,,342,True
FDR-278,JANIPUR ↔ KOTLI MURALIAN,RETAINED_AS_FEEDER,Peri_Urban,MP,30,13,0,13,False,,349,True
FDR-135,JANIPUR ↔ BHATHINDI,RETAINED_AS_FEEDER,Urban,MP,30,6,0,6,False,,213,True
FDR-150,JANIPUR ↔ BARI BRAHMANA IND  COMPLEX,RETAINED_AS_FEEDER,Peri_Urban,MP,30,12,0,12,False,,454,True
FDR-279,JANIPUR ↔ KOTLI MIAN FETHY,RETAINED_AS_FEEDER,Peri_Urban,MP,30,13,0,13,False,,360,True
FDR-089,JANIPUR ↔ SMAILPUR,RETAINED_AS_FEEDER,Peri_Urban,MP,30,9,0,9,False,,436,True
FDR-137,JANIPUR ↔ MISHRIWALA,RETAINED_AS_FEEDER,Peri_Urban,MP,30,8,0,8,False,,344,True
FDR-439,JANIPUR ↔ FACTORY NO 4,RETAINED_AS_FEEDER,Urban,MP,30,2,0,2,False,,96,False
FDR-440,JANIPUR ↔ DASSORE,RETAINED_AS_FEEDER,Urban,MP,30,2,0,2,False,,120,False
FDR-174,JANIPUR ↔ CHATHA,RETAINED_AS_FEEDER,Peri_Urban,MP,30,8,0,8,False,,271,True
FDR-160,JANIPUR ↔ BADYAL,RETAINED_AS_FEEDER,Urban,MP,30,5,0,5,False,,174,True
CMP-01,JANIPUR ↔ CHANNI HIMMAT,UPGRADED_TO_TRUNK,Urban,HP,10,7,6,1,True,CMP-01,107,False
FDR-196,JANIPUR ↔ BISHNAH,RETAINED_AS_FEEDER,Peri_Urban,MP,30,15,0,15,False,,487,True
FDR-104,JANIPUR ↔ DASSORE,RETAINED_AS_FEEDER,Peri_Urban,MP,30,7,0,7,False,,313,True
FDR-090,JANIPUR ↔ SMAILPUR,RETAINED_AS_FEEDER,Peri_Urban,MP,30,9,0,9,False,,436,True
FDR-041,JANIPUR ↔ GREATER KAILASH FAWARA CHOWK,RETAINED_AS_FEEDER,Peri_Urban,MP,30,8,0,8,False,,380,True
FDR-441,JANIPUR ↔ MAHAMAYA,RETAINED_AS_FEEDER,Urban,MP,30,2,0,2,False,,96,False
FDR-442,JANIPUR ↔ GAJANSOO,RETAINED_AS_FEEDER,Urban,MP,30,2,0,2,False,,96,False
FDR-443,JANIPUR ↔ JHIRI KANACHAK,RETAINED_AS_FEEDER,Urban,MP,30,2,0,2,False,,96,False
FDR-074,JANIPUR ↔ BARIBRAHMAN,RETAINED_AS_FEEDER,Peri_Urban,MP,30,9,0,9,False,,419,True
FDR-057,JANIPUR ↔ NOORABAD,RETAINED_AS_FEEDER,Urban,MP,30,4,0,4,False,,198,True
FDR-444,JANIPUR ↔ GANGYAL,RETAINED_AS_FEEDER,Urban,MP,30,2,0,2,False,,100,False
FDR-445,JANIPUR ↔ BADYAL BRAHMNA VIA KULLIAN JASSORE,RETAINED_AS_FEEDER,Urban,MP,30,2,0,2,False,,120,False
FDR-246,JANIPUR ↔ GHO SANDWAN,RETAINED_AS_FEEDER,Peri_Urban,LP,60,5,0,5,False,,297,False
FDR-247,JANIPUR ↔ GHO SANDWAN,RETAINED_AS_FEEDER,Peri_Urban,LP,60,5,0,5,False,,297,False
FDR-353,JANIPUR ↔ NADI KHAPPAR,RETAINED_AS_FEEDER,Regional_District,MP,90,6,0,6,False,,262,True
FDR-204,JANIPUR ↔ MARJALI,RETAINED_AS_FEEDER,Peri_Urban,MP,30,10,0,10,False,,371,True
FDR-248,JANIPUR ↔ GHO SANDWAN,RETAINED_AS_FEEDER,Peri_Urban,LP,60,5,0,5,False,,297,False
FDR-359,JANIPUR ↔ KHAIRI REHAL,RETAINED_AS_FEEDER,Peri_Urban,LP,60,5,0,5,False,,148,False
FDR-066,JANIPUR ↔ BADHORI,RETAINED_AS_FEEDER,Peri_Urban,MP,30,9,0,9,False,,418,True
FDR-250,JANIPUR ↔ SIMBAL CAMP,RETAINED_AS_FEEDER,Peri_Urban,MP,30,10,0,10,False,,295,True
FDR-446,JANIPUR ↔ RAILWAY STATION,RETAINED_AS_FEEDER,Urban,MP,30,2,0,2,False,,115,False
FDR-067,JANIPUR AMPHALLA ↔ 4 NO FACTORY,RETAINED_AS_FEEDER,Peri_Urban,MP,30,9,0,9,False,,418,True
FDR-098,JANIPUR COLONEY ↔ SMAILPUR,RETAINED_AS_FEEDER,Peri_Urban,MP,30,10,0,10,False,,447,True
CMP-04,JANIPUR COLONY ↔ CHATTA,UPGRADED_TO_TRUNK,Peri_Urban,MP,10,22,19,3,True,CMP-04,224,True
FDR-190,JANIPUR COLONY ↔ BISHNAH,RETAINED_AS_FEEDER,Peri_Urban,MP,30,15,0,15,False,,500,True
FDR-447,JANIPUR COLONY ↔ BARI BRAHMANA,RETAINED_AS_FEEDER,Urban,MP,30,3,0,3,False,,113,False
FDR-076,JANIPUR COLONY ↔ INDUSTRIAL COMPLEX,RETAINED_AS_FEEDER,Peri_Urban,MP,30,9,0,9,False,,433,True
FDR-053,JANIPUR COLONY ↔ BISHNAH,RETAINED_AS_FEEDER,Peri_Urban,MP,30,7,0,7,False,,346,True
FDR-448,JANIPUR COLONY ↔ BAHU FORT,RETAINED_AS_FEEDER,Urban,MP,30,3,0,3,False,,113,False
FDR-209,JANIPUR COLONY ↔ BARI BRAHMANA,RETAINED_AS_FEEDER,Peri_Urban,MP,30,16,0,16,False,,493,True
FDR-082,JANIPUR COLONY ↔ BARI BRAHMANA,RETAINED_AS_FEEDER,Peri_Urban,MP,30,10,0,10,False,,433,True
FDR-139,JANIPUR COLONY ↔ BARI BRAHMANA,RETAINED_AS_FEEDER,Peri_Urban,MP,30,12,0,12,False,,465,True
FDR-152,JANIPUR COLONY ↔ BARI BRAHMANA,RETAINED_AS_FEEDER,Peri_Urban,MP,30,13,0,13,False,,463,True
FDR-077,JANIPUR COLONY ↔ BARI BRAHMANA,RETAINED_AS_FEEDER,Peri_Urban,MP,30,9,0,9,False,,433,True
FDR-320,JANIPUR COLONY ↔ BARI BRAHMANA,RETAINED_AS_FEEDER,Regional_District,MP,90,9,0,9,False,,567,True
FDR-078,JANIPUR COLONY ↔ BARI BRAHMANA NO FOUR,RETAINED_AS_FEEDER,Peri_Urban,MP,30,9,0,9,False,,433,True
FDR-069,JANIPUR COLONY ↔ BAHU FORT MAHA MAYA,RETAINED_AS_FEEDER,Urban,MP,30,4,0,4,False,,183,True
FDR-355,JANIPUR COLONY ↔ SIMBLE CAMP,RETAINED_AS_FEEDER,Peri_Urban,LP,60,5,0,5,False,,625,False
FDR-194,JANIPUR COLONY ↔ BISHNAH,RETAINED_AS_FEEDER,Peri_Urban,MP,30,10,0,10,False,,351,True
FDR-094,JANIPUR COLONY ↔ SMAILPUR,RETAINED_AS_FEEDER,Peri_Urban,MP,30,9,0,9,False,,447,True
CMP-04,JANIPUR COLONY ↔ SAINIK COLONY,UPGRADED_TO_TRUNK,Urban,HP,10,7,6,1,True,CMP-04,113,False
FDR-449,JANIPUR COLONY ↔ BAHU FORT,RETAINED_AS_FEEDER,Urban,MP,30,3,0,3,False,,113,False
FDR-450,JANIPUR COLONY ↔ GREATER KAILASH,RETAINED_AS_FEEDER,Urban,MP,30,2,0,2,False,,120,False
CMP-04,JANIPUR COLONY ↔ SAINIK COLONY,UPGRADED_TO_TRUNK,Urban,MP,10,15,13,2,True,CMP-04,186,True
CMP-04,JANIPUR COLONY ↔ DASOOR,UPGRADED_TO_TRUNK,Peri_Urban,HP,10,20,17,3,True,CMP-04,323,True
FDR-451,JANIPUR  COLONY ↔ 4 NO FACTORY,RETAINED_AS_FEEDER,Urban,MP,30,3,0,3,False,,113,False
FDR-070,JANIPUR COLONY ↔ BAHU FORT,RETAINED_AS_FEEDER,Urban,MP,30,4,0,4,False,,183,True
CMP-01,JANIPUR COLONY ↔ CHANNI HIMMAT,UPGRADED_TO_TRUNK,Urban,HP,10,16,14,2,True,CMP-01,259,True
FDR-285,JANIPUR GRID STATION ↔ BISHNAH,RETAINED_AS_FEEDER,Peri_Urban,MP,30,11,0,11,False,,264,True
FDR-380,JANIPUR GRID STATION ↔ MAKWAL,RETAINED_AS_FEEDER,Regional_District,LP,90,6,0,6,False,,177,False
FDR-256,JANIPUR GRID STATION ↔ BISHNAH,RETAINED_AS_FEEDER,Peri_Urban,MP,30,11,0,11,False,,341,True
FDR-101,JANIPUR HIGH COURT ↔ GANGYAL,RETAINED_AS_FEEDER,Urban,MP,30,6,0,6,False,,234,True
FDR-075,JANIPUR HOUSING COLONY ↔ BARI BRAHAMANA 4 NO FACTORY,RETAINED_AS_FEEDER,Peri_Urban,MP,30,9,0,9,False,,424,True
FDR-027,JANIPUR HOUSING COLONY ↔ TRIKUTA NAGAR,RETAINED_AS_FEEDER,Urban,MP,30,5,0,5,False,,232,True
FDR-452,JANIPUR HOUSING COLONY ↔ PRADE,RETAINED_AS_FEEDER,Urban,MP,30,2,0,2,False,,109,False
FDR-161,JANIPUR HOUSING COLONY ↔ BARI BRAH  SMAILPUR,RETAINED_AS_FEEDER,Peri_Urban,MP,30,13,0,13,False,,472,True
FDR-453,JANIPUR HOUSING COLONY ↔ CHANNI RAMA,RETAINED_AS_FEEDER,Urban,MP,30,2,0,2,False,,104,False
FDR-454,JANIPUR HOUSING COLONY ↔ CHANNI RAMA,RETAINED_AS_FEEDER,Urban,MP,30,2,0,2,False,,104,False
FDR-158,JANIPUR HOUSING COLONY ↔ BARI BRAH  SMAILPUR,RETAINED_AS_FEEDER,Peri_Urban,MP,30,13,0,13,False,,472,True
FDR-455,JANIPUR HOUSING COLONY ↔ RAILWAY STATION,RETAINED_AS_FEEDER,Urban,MP,30,2,0,2,False,,122,False
FDR-456,JANIPUR HOUSING COLONY ↔ SUNJWAN,RETAINED_AS_FEEDER,Urban,MP,30,2,0,2,False,,104,False
FDR-175,JANIPUR LAKKAR MANDI ↔ CHATHA,RETAINED_AS_FEEDER,Peri_Urban,MP,30,8,0,8,False,,275,True
FDR-381,JANIPUR TO ↔ MAKWAL,RETAINED_AS_FEEDER,Regional_District,LP,90,6,0,6,False,,177,False
FDR-235,J D A COMPLEX NEW PLOT ↔ SUJWAN,RETAINED_AS_FEEDER,Regional_District,MP,90,6,0,6,False,,549,True
FDR-003,JDA COMPLEX NEW PLOT ↔ CHATHA,RETAINED_AS_FEEDER,Peri_Urban,MP,30,7,0,7,False,,388,True
FDR-261,JDA COMPLEX NEW PLOT ↔ BISHNAH,RETAINED_AS_FEEDER,Peri_Urban,LP,60,6,0,6,False,,1104,False
FDR-206,KALU CHAK ↔ AGHORE,RETAINED_AS_FEEDER,Peri_Urban,MP,30,7,0,7,False,,488,True
FDR-143,K C CHOWK ↔ KANGAR DEGREE COLLEGE,RETAINED_AS_FEEDER,Urban,MP,30,3,0,3,False,,421,False
FDR-144,K C CHOWK ↔ KANGAR DEGREE COLLEGE,RETAINED_AS_FEEDER,Urban,MP,30,3,0,3,False,,421,False
FDR-356,KERAN ↔ NARI KHAPPAR,RETAINED_AS_FEEDER,Peri_Urban,LP,60,7,0,7,False,,277,False
FDR-457,KHANDWAL CHATHA PIND ↔ SATWARI,RETAINED_AS_FEEDER,Urban,MP,30,2,0,2,False,,112,True
FDR-007,KUJWANI ↔ PHINDER,RETAINED_AS_FEEDER,Urban,LP,60,4,0,4,False,,387,False
FDR-004,KUNJWANI ↔ KOTLI MIAN FATHEY,RETAINED_AS_FEEDER,Urban,LP,60,2,0,2,False,,329,False
FDR-116,KUNJWANI ↔ BATRA HOSPITAL,RETAINED_AS_FEEDER,Urban,MP,30,4,0,4,False,,548,False
FDR-117,KUNJWANI ↔ SIDHRA,RETAINED_AS_FEEDER,Urban,MP,30,4,0,4,False,,548,False
FDR-118,KUNJWANI ↔ BATRA,RETAINED_AS_FEEDER,Urban,MP,30,4,0,4,False,,548,False
FDR-119,KUNJWANI ↔ BATRA HOSPITAL,RETAINED_AS_FEEDER,Urban,MP,30,4,0,4,False,,548,False
FDR-008,KUNJWANI ↔ BISHNAH,RETAINED_AS_FEEDER,Peri_Urban,LP,60,5,0,5,False,,389,False
FDR-009,KUNJWANI ↔ BISHNAH,RETAINED_AS_FEEDER,Peri_Urban,LP,60,5,0,5,False,,389,False
FDR-005,KUNJWANI ↔ KOTLI MIAN FATHE,RETAINED_AS_FEEDER,Urban,LP,60,2,0,2,False,,329,False
FDR-120,KUNJWANI ↔ NARWAL,RETAINED_AS_FEEDER,Urban,MP,30,4,0,4,False,,548,False
FDR-006,KUNJWANI ↔ KOTLI MIAN FATEH,RETAINED_AS_FEEDER,Urban,LP,60,2,0,2,False,,329,False
FDR-010,KUNJWANI ↔ SALEHAR,RETAINED_AS_FEEDER,Urban,LP,60,3,0,3,False,,374,False
FDR-388,MAHESHPURA ↔ MAKWAL CAMP,RETAINED_AS_FEEDER,Regional_District,MP,90,8,0,8,False,,197,True
FDR-225,MAHESHPURA ↔ GHOU MANHASAN,RETAINED_AS_FEEDER,Urban,LP,60,3,0,3,False,,221,False
FDR-243,MAHESHPURA ↔ HIRA CHAK,RETAINED_AS_FEEDER,Peri_Urban,MP,30,8,0,8,False,,299,True
FDR-294,MAHESHPURA ↔ RATHUA GHOU,RETAINED_AS_FEEDER,Peri_Urban,MP,30,9,0,9,False,,305,True
FDR-458,MAHESHPURA ↔ GAJANSOO MARH,RETAINED_AS_FEEDER,Urban,MP,30,2,0,2,False,,122,False
FDR-286,MAHESHPURA ↔ MARH,RETAINED_AS_FEEDER,Urban,LP,60,4,0,4,False,,206,False
FDR-222,MAHESHPURA ↔ BAGGA JANA,RETAINED_AS_FEEDER,Peri_Urban,MP,30,9,0,9,False,,307,True
FDR-223,MAHESHPURA ↔ JHIRI KALYANPUR,RETAINED_AS_FEEDER,Peri_Urban,MP,30,9,0,9,False,,315,True
FDR-228,MAHESHPURA ↔ MARJALI,RETAINED_AS_FEEDER,Peri_Urban,MP,30,8,0,8,False,,314,True
FDR-244,MAHESHPURA ↔ HIRA CHAK GAIDLA,RETAINED_AS_FEEDER,Peri_Urban,MP,30,8,0,8,False,,299,True
FDR-300,MAHESHPURA ↔ DEYARAN G C ET,RETAINED_AS_FEEDER,Peri_Urban,MP,30,13,0,13,False,,382,True
FDR-153,MAHESHPURA ↔ SUNJWAN,RETAINED_AS_FEEDER,Urban,MP,30,5,0,5,False,,190,True
FDR-336,MAHESHPURA ↔ GHO MANHASAN,RETAINED_AS_FEEDER,Peri_Urban,LP,60,6,0,6,False,,239,False
FDR-229,MAHESHPURA ↔ JHIRI KANA CHAK,RETAINED_AS_FEEDER,Peri_Urban,MP,30,8,0,8,False,,315,True
FDR-281,MAHESHPURA ↔ KARLOOP FLOORA,RETAINED_AS_FEEDER,Urban,LP,60,3,0,3,False,,209,False
FDR-270,MAHESHPURA ↔ DEYARAN G C ET,RETAINED_AS_FEEDER,Peri_Urban,MP,30,10,0,10,False,,349,True
FDR-226,MAHESHPURA ↔ CHARGALI,RETAINED_AS_FEEDER,Urban,LP,60,3,0,3,False,,221,False
FDR-267,MAHESHPURA ↔ GAJANSOO,RETAINED_AS_FEEDER,Urban,LP,60,3,0,3,False,,207,False
FDR-063,MAHESHPURA ↔ SARAN,RETAINED_AS_FEEDER,Urban,MP,30,4,0,4,False,,191,False
FDR-333,MAHESHPURA ↔ JASMA,RETAINED_AS_FEEDER,Regional_District,MP,90,6,0,6,False,,397,True
FDR-282,MAHESH PURA ↔ MARH KARLOOP,RETAINED_AS_FEEDER,Urban,LP,60,3,0,3,False,,209,False
FDR-459,MAHESHPURA ↔ RAJPURA SUA NO 1,RETAINED_AS_FEEDER,Urban,MP,30,2,0,2,False,,65,True
FDR-382,MAHESHPURA BAKSHI NAGAR PULLI JIC ↔ LALYAL,RETAINED_AS_FEEDER,Regional_District,MP,90,13,0,13,False,,699,True
FDR-460,MAHESH PURA CHOWK ↔ MEDICAL COLLEGE,RETAINED_AS_FEEDER,Urban,MP,30,2,0,2,False,,122,False
FDR-401,MAHESHPURA CHOWK ↔ MAKWAL,RETAINED_AS_FEEDER,Peri_Urban,LP,60,8,0,8,False,,111,False
FDR-149,MAHESHPURA CHOWK ↔ MISHRIWALA,RETAINED_AS_FEEDER,Peri_Urban,MP,30,7,0,7,False,,289,True
FDR-269,MAHESHPURA JEWEL ↔ GADLA,RETAINED_AS_FEEDER,Urban,LP,60,3,0,3,False,,212,False
FDR-227,MAHESPURA ↔ LAHORI CHACK GHOU MANHASAN,RETAINED_AS_FEEDER,Urban,LP,60,3,0,3,False,,221,False
FDR-330,M HOSPITAL BELICHARANA CHOWK ↔ NANDWAL,RETAINED_AS_FEEDER,Urban,LP,60,2,0,2,False,,292,False
FDR-045,MUTHI ↔ MAHAMAYA BAHU FORT,RETAINED_AS_FEEDER,Urban,MP,30,3,0,3,False,,194,True
FDR-046,MUTHI ↔ MAHAMAYA BAHUFORT,RETAINED_AS_FEEDER,Urban,MP,30,3,0,3,False,,194,True
FDR-105,MUTHI ↔ BAHUFORT,RETAINED_AS_FEEDER,Urban,MP,30,6,0,6,False,,237,True
FDR-100,MUTHI CAMP ↔ BAHU FORT,RETAINED_AS_FEEDER,Urban,MP,30,6,0,6,False,,253,True
FDR-106,MUTHI GAON ↔ BAHU FORT,RETAINED_AS_FEEDER,Urban,MP,30,6,0,6,False,,237,True
FDR-185,MUTHI MIGRANT CAMP PHASE II ↔ BAHUFORT,RETAINED_AS_FEEDER,Peri_Urban,MP,30,9,0,9,False,,289,True
FDR-102,MUTHI MIGRANT CAMP PHASE II ↔ MAHAMAYA,RETAINED_AS_FEEDER,Urban,MP,30,4,0,4,False,,196,False
FDR-410,NAGROTA ↔ BAMYAL,RETAINED_AS_FEEDER,Peri_Urban,LP,60,6,0,6,False,,454,False
FDR-396,NAGROTA ↔ JAGTI KERLI,RETAINED_AS_FEEDER,Urban,LP,60,2,0,2,False,,332,False
FDR-397,NAGROTA ↔ JAGTI MIGRANT CAMP,RETAINED_AS_FEEDER,Urban,LP,60,2,0,2,False,,332,False
FDR-354,NAGROTA ↔ KARLI PANJGHARIAN,RETAINED_AS_FEEDER,Urban,LP,60,2,0,2,False,,725,False
FDR-398,NAGROTA ↔ JAGTI JARI,RETAINED_AS_FEEDER,Urban,LP,60,2,0,2,False,,332,False
FDR-238,NARWAL ↔ HIRA CHACK GADLA,RETAINED_AS_FEEDER,Peri_Urban,MP,30,9,0,9,False,,351,True
FDR-011,NARWAL ↔ HIRACHAK GARDLA,RETAINED_AS_FEEDER,Urban,LP,60,2,0,2,False,,515,False
FDR-220,NARWAL ↔ HALQA MARH CHAFFER CHAK,RETAINED_AS_FEEDER,Peri_Urban,MP,30,8,0,8,False,,287,True
FDR-202,NARWAL ↔ GHO MANHASAN,RETAINED_AS_FEEDER,Peri_Urban,MP,30,8,0,8,False,,299,True
FDR-218,NARWAL ↔ BATEHRA,RETAINED_AS_FEEDER,Peri_Urban,MP,30,9,0,9,False,,374,True
FDR-343,NARWAL ↔ LALYAL,RETAINED_AS_FEEDER,Peri_Urban,MP,30,7,0,7,False,,193,True
FDR-288,NARWAL ↔ SHOA JANDIAL,RETAINED_AS_FEEDER,Peri_Urban,MP,30,11,0,11,False,,311,True
FDR-073,NARWAL ↔ KALRI,RETAINED_AS_FEEDER,Urban,MP,30,5,0,5,False,,246,True
FDR-043,NARWAL ↔ KUNJWANI,RETAINED_AS_FEEDER,Urban,MP,30,3,0,3,False,,857,False
FDR-163,NARWAL ↔ GATLA,RETAINED_AS_FEEDER,Peri_Urban,MP,30,7,0,7,False,,339,True
FDR-164,NARWAL ↔ MISHRIWALA SHAMACHAK,RETAINED_AS_FEEDER,Peri_Urban,MP,30,7,0,7,False,,339,True
FDR-290,NARWAL ↔ GAJANSOO DEOSA NAPU,RETAINED_AS_FEEDER,Peri_Urban,MP,30,10,0,10,False,,296,True
FDR-165,NARWAL ↔ JHIRI,RETAINED_AS_FEEDER,Peri_Urban,MP,30,7,0,7,False,,339,True
FDR-180,NARWAL ↔ GASHI LADORE,RETAINED_AS_FEEDER,Peri_Urban,MP,30,8,0,8,False,,325,True
FDR-287,NARWAL ↔ GAJANSOO SAHARAN,RETAINED_AS_FEEDER,Peri_Urban,MP,30,12,0,12,False,,334,True
FDR-210,NARWAL BALA ↔ SERI PANDITA,RETAINED_AS_FEEDER,Peri_Urban,MP,30,9,0,9,False,,310,True
FDR-461,NARWAL MANDI ↔ KOTHEY MURADPUR,RETAINED_AS_FEEDER,Urban,MP,30,2,0,2,False,,124,False
FDR-405,NARWAL MANDI ↔ MAKWAL,RETAINED_AS_FEEDER,Regional_District,MP,90,7,0,7,False,,183,True
FDR-271,NARWAL PAIN ↔ HAKKAL PLATTA,RETAINED_AS_FEEDER,Urban,LP,60,2,0,2,False,,518,False
FDR-272,NARWAL PAIN ↔ HAKKAL PLATTA,RETAINED_AS_FEEDER,Urban,LP,60,2,0,2,False,,518,False
FDR-462,NARWAL PAIN CDA ROAD ↔ KOTLI JEEVAN NAGAR,RETAINED_AS_FEEDER,Urban,MP,30,2,0,2,False,,402,False
FDR-293,NARWAL PAIN CDA ROAD ↔ KOTLI JEEVAN NAGAR,RETAINED_AS_FEEDER,Urban,LP,60,2,0,2,False,,488,False
FDR-203,NEW HIGH COURT JANIPUR ↔ BISHNAH,RETAINED_AS_FEEDER,Peri_Urban,MP,30,15,0,15,False,,478,True
FDR-297,NEW HIGH COURT JANIPUR ↔ BISHNAH,RETAINED_AS_FEEDER,Peri_Urban,MP,30,11,0,11,False,,277,True
FDR-212,NEW HIGH COURT JANIPUR ↔ GRID STATION,RETAINED_AS_FEEDER,Peri_Urban,MP,30,7,0,7,False,,221,True
FDR-302,NEW HIGH COURT JANIPUR ↔ BISHNAH,RETAINED_AS_FEEDER,Regional_District,MP,90,7,0,7,False,,493,True
FDR-122,NEW HIGH COURT JANIPUR ↔ BADORI,RETAINED_AS_FEEDER,Peri_Urban,MP,30,10,0,10,False,,446,True
FDR-463,NEW HIGH COURT JANIPUR ↔ GRID STATION,RETAINED_AS_FEEDER,Urban,MP,30,2,0,2,False,,84,False
FDR-464,NHIGH COURT COMPLEX JANIPUR GRID STATION ↔ CHATHA,RETAINED_AS_FEEDER,Urban,MP,30,2,0,2,False,,96,False
FDR-335,OLD JANIPUR LAKKAR MANDI ↔ KARWAL MALKAY CHAK,RETAINED_AS_FEEDER,Peri_Urban,MP,30,11,0,11,False,,181,True
FDR-205,PAJJTHIRTHI ↔ NARI KHEPAR,RETAINED_AS_FEEDER,Peri_Urban,MP,30,9,0,9,False,,352,True
FDR-301,PAJJTHIRTHI ↔ NARI KHEPAR,RETAINED_AS_FEEDER,Peri_Urban,MP,30,11,0,11,False,,292,True
FDR-283,PALOURA ↔ CHOWNI CHACK,RETAINED_AS_FEEDER,Urban,LP,60,2,0,2,False,,367,False
CMP-09,PALOURA ↔ PRADE,UPGRADED_TO_TRUNK,Urban,HP,10,5,5,0,True,CMP-09,918,False
FDR-107,PALOURA ↔ SMAILPUR SAJADPUR MARH,RETAINED_AS_FEEDER,Peri_Urban,MP,30,9,0,9,False,,541,True
FDR-058,PALOURA ↔ CHATHA GURJAN BLOCK MARH,RETAINED_AS_FEEDER,Urban,MP,30,5,0,5,False,,280,True
CMP-09,PALOURA ↔ PRADE,UPGRADED_TO_TRUNK,Urban,HP,10,5,5,0,True,CMP-09,918,False
FDR-108,PALOURA ↔ CHOUNI CHAK,RETAINED_AS_FEEDER,Peri_Urban,MP,30,9,0,9,False,,541,True
FDR-311,PALOURA ↔ CHIRI KANA CHAK,RETAINED_AS_FEEDER,Peri_Urban,LP,60,4,0,4,False,,804,False
FDR-109,PALOURA ↔ CHOUNI CHACK,RETAINED_AS_FEEDER,Peri_Urban,MP,30,9,0,9,False,,541,True
FDR-350,PALOURA ↔ JASWAN,RETAINED_AS_FEEDER,Peri_Urban,LP,60,4,0,4,False,,445,False
FDR-249,PALOURA ↔ PARWAHA SAHZADPUR,RETAINED_AS_FEEDER,Peri_Urban,MP,30,15,0,15,False,,627,True
FDR-138,PALOURA ↔ SUNDWAN,RETAINED_AS_FEEDER,Urban,MP,30,7,0,7,False,,289,True
FDR-331,PALOURA ↔ HALKA MARH,RETAINED_AS_FEEDER,Urban,LP,60,3,0,3,False,,431,False
FDR-308,PALOURA ↔ AKALPUR PATNYAL,RETAINED_AS_FEEDER,Urban,LP,60,3,0,3,False,,383,False
FDR-298,PALOURA ↔ SAHZATPUR,RETAINED_AS_FEEDER,Regional_District,MP,90,8,0,8,False,,730,True
FDR-309,PALOURA ↔ CHOWANA CHACK,RETAINED_AS_FEEDER,Urban,LP,60,3,0,3,False,,383,False
FDR-263,PALOURA TO ↔ RAIPUR SUNDWAN,RETAINED_AS_FEEDER,Urban,MP,30,6,0,6,False,,255,True
FDR-310,PALURA ↔ CHOUANE CHAK,RETAINED_AS_FEEDER,Urban,LP,60,3,0,3,False,,383,False
FDR-025,PANJHIRTHI ↔ TRIKUTA NAGAR,RETAINED_AS_FEEDER,Urban,MP,30,4,0,4,False,,189,True
FDR-313,PANJTERTHI ↔ SIDHRA,RETAINED_AS_FEEDER,Urban,LP,60,2,0,2,False,,280,False
FDR-465,PANJTERTHI ↔ TAWI VIHAR SIDHRA,RETAINED_AS_FEEDER,Urban,LP,60,2,0,2,False,,75,False
FDR-047,PANJTHIRTHI ↔ NH GREATER KAILASH,RETAINED_AS_FEEDER,Urban,MP,30,5,0,5,False,,332,True
FDR-103,PANJTHIRTHI ↔ MUTHI BARNAI BANTALAB,RETAINED_AS_FEEDER,Urban,MP,30,4,0,4,False,,171,False
FDR-466,PANJTHIRTHI ↔ TALABTILLO,RETAINED_AS_FEEDER,Urban,MP,30,2,0,2,False,,107,False
FDR-467,PANJTHIRTHI ↔ TALABTILLO,RETAINED_AS_FEEDER,Urban,MP,30,2,0,2,False,,107,False
FDR-062,PANJTHIRTHI ↔ TALABTILLO,RETAINED_AS_FEEDER,Urban,MP,30,3,0,3,False,,128,True
FDR-371,PANJTHIRTHI ↔ BAJALTA RAILWAY STATION,RETAINED_AS_FEEDER,Regional_District,MP,90,12,0,12,False,,472,True
FDR-404,PANJTHIRTHI ↔ JAGTI,RETAINED_AS_FEEDER,Urban,LP,60,4,0,4,False,,223,False
FDR-147,PANJTHIRTHI ↔ SATWARI GANGYAL,RETAINED_AS_FEEDER,Urban,MP,30,4,0,4,False,,358,False
FDR-314,PANJTHIRTHI(CIRCULAR RD NAKA) ↔ RANGOORA,RETAINED_AS_FEEDER,Urban,LP,60,2,0,2,False,,280,False
FDR-375,PANJTHIRTHI KOOPER ↔ BAJALTA,RETAINED_AS_FEEDER,Urban,LP,60,3,0,3,False,,250,False
FDR-037,PANJTIRTHI ↔ GOLE GUJRAL,RETAINED_AS_FEEDER,Urban,MP,30,4,0,4,False,,151,False
FDR-114,PANJTIRTHI ↔ TALAB TILLO,RETAINED_AS_FEEDER,Urban,MP,30,5,0,5,False,,156,False
FDR-468,PANJTIRTHI ↔ TALAB TILLO BOHRI GOLE PULLI,RETAINED_AS_FEEDER,Urban,MP,30,3,0,3,False,,119,False
FDR-469,PANJTIRTHI ↔ GOLE PULLI TALAB TILLO BOHRI,RETAINED_AS_FEEDER,Urban,MP,30,3,0,3,False,,119,False
FDR-169,PANJTIRTHI ↔ KUNJWANI TALAB,RETAINED_AS_FEEDER,Peri_Urban,MP,30,9,0,9,False,,358,True
FDR-086,PANJTIRTHI ↔ KHANA CHARGAL,RETAINED_AS_FEEDER,Peri_Urban,MP,30,8,0,8,False,,437,True
FDR-408,PANJTIRTHI ↔ CHHIBA BAMYAL,RETAINED_AS_FEEDER,Peri_Urban,LP,60,7,0,7,False,,256,False
FDR-393,PANJTIRTHI ↔ PANJGRAIN,RETAINED_AS_FEEDER,Urban,LP,60,3,0,3,False,,218,False
FDR-022,PANJTIRTHI ↔ POLICE POST POUNICHAK,RETAINED_AS_FEEDER,Urban,MP,30,3,0,3,False,,157,False
FDR-366,PANJTIRTHI ↔ JAGTI CAMP,RETAINED_AS_FEEDER,Peri_Urban,LP,60,4,0,4,False,,442,False
FDR-034,PANJTIRTHI ↔ DIGIANA PULLI,RETAINED_AS_FEEDER,Urban,MP,30,4,0,4,False,,230,True
FDR-389,PANJTIRTHI ↔ SANDHI DHOON,RETAINED_AS_FEEDER,Peri_Urban,LP,60,3,0,3,False,,306,False
FDR-049,PANJTIRTHI ↔ FAWARA CHOWK GREATER KAILASH,RETAINED_AS_FEEDER,Peri_Urban,MP,30,8,0,8,False,,438,True
FDR-402,PANJTIRTHI ↔ CHALNI,RETAINED_AS_FEEDER,Peri_Urban,LP,60,4,0,4,False,,300,False
FDR-394,PANJTIRTHI ↔ JAGTI CAMP,RETAINED_AS_FEEDER,Urban,LP,60,3,0,3,False,,218,False
FDR-012,PANJTIRTHI ↔ TALAB TILLO BOHRI,RETAINED_AS_FEEDER,Urban,MP,30,4,0,4,False,,184,True
FDR-036,PANJTIRTHI ↔ DIGIANA PULLI,RETAINED_AS_FEEDER,Urban,MP,30,4,0,4,False,,253,True
FDR-315,PANJTIRTHI ↔ RAGHOORA,RETAINED_AS_FEEDER,Urban,LP,60,2,0,2,False,,280,False
FDR-044,PANJTIRTHI ↔ FAWARA CHOWK GREATER KAILASH,RETAINED_AS_FEEDER,Urban,MP,30,6,0,6,False,,334,True
FDR-099,PANJTIRTHI ↔ FAWARA CHOWK GREATER KAILASH,RETAINED_AS_FEEDER,Urban,MP,30,7,0,7,False,,508,True
FDR-170,PANJTIRTHI ↔ KUNJWANI TALAB,RETAINED_AS_FEEDER,Peri_Urban,MP,30,9,0,9,False,,358,True
FDR-028,PANJTIRTHI ↔ PATTA BOHRI,RETAINED_AS_FEEDER,Urban,MP,30,4,0,4,False,,157,False
FDR-199,PANJTIRTHI ↔ CHANNI HIMMAT,RETAINED_AS_FEEDER,Urban,MP,30,5,0,5,False,,422,False
FDR-470,PANJTIRTHI ↔ GOLE PULLI TALAB TILLO BOHRI,RETAINED_AS_FEEDER,Urban,MP,30,2,0,2,False,,107,False
FDR-376,PANJTIRTHI ↔ KOOPER,RETAINED_AS_FEEDER,Urban,LP,60,3,0,3,False,,250,False
CMP-05,PANJTIRTHI ↔ RAILWAY STATION,UPGRADED_TO_TRUNK,Urban,HP,10,7,6,1,True,CMP-05,158,True
FDR-390,PANJTIRTHI ↔ KHANNA CHARGAL DHOON,RETAINED_AS_FEEDER,Peri_Urban,LP,60,3,0,3,False,,306,False
FDR-391,PANJTIRTHI ↔ KANNA CHHARGAL,RETAINED_AS_FEEDER,Peri_Urban,LP,60,3,0,3,False,,306,False
FDR-395,PANJTRITHI ↔ JAGTI,RETAINED_AS_FEEDER,Urban,LP,60,3,0,3,False,,218,False
FDR-023,PANJTRITHI ↔ POLICE POST PONI CHACK SAGI,RETAINED_AS_FEEDER,Urban,MP,30,3,0,3,False,,157,False
FDR-189,PANJTRITHI ↔ BAHUFORT,RETAINED_AS_FEEDER,Urban,MP,30,3,0,3,False,,219,False
FDR-201,PANJTRITHI ↔ BATHINDI,RETAINED_AS_FEEDER,Urban,MP,30,4,0,4,False,,311,False
FDR-040,PANJTRITHI ↔ BATHINDI,RETAINED_AS_FEEDER,Urban,MP,30,4,0,4,False,,167,True
FDR-372,PANJTRITHI ↔ JAGTI,RETAINED_AS_FEEDER,Urban,LP,60,2,0,2,False,,141,False
FDR-471,PANJTRITHI ↔ BATHINDI,RETAINED_AS_FEEDER,Urban,MP,30,2,0,2,False,,57,False
FDR-379,PANTIRATHI ↔ JAGTI MIGRANT CAMP,RETAINED_AS_FEEDER,Urban,LP,60,4,0,4,False,,311,False
CMP-09,PARADE ↔ PALOURA,UPGRADED_TO_TRUNK,Urban,HP,10,9,8,1,True,CMP-09,157,False
FDR-344,PATTA BOHRI ↔ LAHORI CHAK,RETAINED_AS_FEEDER,Urban,LP,60,3,0,3,False,,973,False
FDR-332,PATTA BOHRI ↔ GHO MANHASAN SANDWAN,RETAINED_AS_FEEDER,Urban,LP,60,2,0,2,False,,829,False
FDR-035,POONCH COLONY BANTALAB ↔ SHASTRI NAGAR,RETAINED_AS_FEEDER,Urban,MP,30,5,0,5,False,,280,True
FDR-472,PRADE GROUND ↔ TOPH SHERKHANIA,RETAINED_AS_FEEDER,Urban,MP,30,2,0,2,False,,123,True
FDR-473,PRADE GROUND ↔ TOPH SHERKHANIA,RETAINED_AS_FEEDER,Urban,MP,30,2,0,2,False,,123,True
FDR-341,RAIKA ↔ VIJAYPUR,RETAINED_AS_FEEDER,Regional_District,LP,90,7,0,7,False,,1172,False
FDR-303,RAIPUR ↔ DAHARAN,RETAINED_AS_FEEDER,Peri_Urban,MP,30,10,0,10,False,,703,True
FDR-265,RAIPUR JAGGIR ↔ PALOURA,RETAINED_AS_FEEDER,Urban,LP,60,2,0,2,False,,378,False
FDR-157,ROOP NAGAR ↔ CHATHA MILL,RETAINED_AS_FEEDER,Peri_Urban,MP,30,8,0,8,False,,310,True
FDR-213,ROOP NAGAR ↔ KANACHAK LALYAL,RETAINED_AS_FEEDER,Peri_Urban,MP,30,12,0,12,False,,419,True
FDR-042,ROOP NAGAR ↔ GREATER KAILASH FAWARA CHOWK,RETAINED_AS_FEEDER,Peri_Urban,MP,30,8,0,8,False,,405,True
FDR-110,ROOP NAGAR ↔ SMAILPUR,RETAINED_AS_FEEDER,Peri_Urban,MP,30,12,0,12,False,,493,True
FDR-039,ROOP NAGAR ↔ SIMBLE CAMP,RETAINED_AS_FEEDER,Urban,MP,30,3,0,3,False,,149,False
FDR-129,ROOP NAGAR ↔ MISHRIWALA,RETAINED_AS_FEEDER,Peri_Urban,MP,30,9,0,9,False,,386,True
FDR-241,ROOP NAGAR HOUSING COLONY ↔ SIMBAL CAMP,RETAINED_AS_FEEDER,Peri_Urban,MP,30,11,0,11,False,,317,True
FDR-140,SANGRAMPUR ↔ PANJTIRTHI,RETAINED_AS_FEEDER,Urban,MP,30,6,0,6,False,,204,False
FDR-013,SANIK SCHOOL ↔ NAGROTA BYE PASS,RETAINED_AS_FEEDER,Urban,MP,30,4,0,4,False,,341,True
FDR-474,SATWARI ↔ HAKKAL,RETAINED_AS_FEEDER,Urban,LP,60,2,0,2,False,,124,False
FDR-385,SATWARI ↔ RAMBAGH KULLIAN,RETAINED_AS_FEEDER,Urban,LP,60,2,0,2,False,,127,False
FDR-387,SATWARI ↔ GANDU CHAK,RETAINED_AS_FEEDER,Urban,LP,60,2,0,2,False,,147,False
FDR-214,SATWARI ↔ RAYA SUCHANI,RETAINED_AS_FEEDER,Peri_Urban,MP,30,9,0,9,False,,663,True
FDR-373,SATWARI ↔ RAIPUR KHARI,RETAINED_AS_FEEDER,Urban,LP,60,2,0,2,False,,110,False
FDR-406,SATWARI ↔ CHANNI  THALWAL,RETAINED_AS_FEEDER,Peri_Urban,LP,60,5,0,5,False,,203,False
FDR-386,SATWARI ↔ PHALLA MANDAL,RETAINED_AS_FEEDER,Urban,LP,60,2,0,2,False,,132,False
FDR-392,SATWARI ↔ LALYAL,RETAINED_AS_FEEDER,Urban,MP,30,4,0,4,False,,128,True
FDR-475,SATWARI ↔ HAKKAL PEER BABA,RETAINED_AS_FEEDER,Urban,LP,60,2,0,2,False,,124,False
FDR-188,SATWARI ↔ CHATHA FARM,RETAINED_AS_FEEDER,Urban,MP,30,3,0,3,False,,235,True
FDR-384,SATWARI ↔ BHURA CHAK BANDARA CHAK,RETAINED_AS_FEEDER,Urban,LP,60,2,0,2,False,,146,False
FDR-262,SATWARI ↔ CHANNI THALWAL,RETAINED_AS_FEEDER,Urban,LP,60,4,0,4,False,,370,False
FDR-476,SATWARI ↔ HAKKAL,RETAINED_AS_FEEDER,Urban,LP,60,2,0,2,False,,124,False
FDR-477,SATWARI ↔ BADYAL,RETAINED_AS_FEEDER,Urban,LP,60,2,0,2,False,,193,False
FDR-478,SATWARI ↔ RAIPUR KHANDWAL SUJANPUR,RETAINED_AS_FEEDER,Urban,LP,60,2,0,2,False,,124,False
FDR-374,SATWARI ↔ SAMPURAN PUR PHALAIN MANDAL ROAD,RETAINED_AS_FEEDER,Urban,LP,60,2,0,2,False,,121,False
FDR-231,SATWARI ↔ SHER E KASHMIR UNIVERSITY,RETAINED_AS_FEEDER,Urban,MP,30,6,0,6,False,,379,True
FDR-409,SATWARI ↔ KARWAL,RETAINED_AS_FEEDER,Peri_Urban,LP,60,6,0,6,False,,216,False
FDR-259,SATWARI ↔ HAKKAL,RETAINED_AS_FEEDER,Peri_Urban,MP,30,7,0,7,False,,405,True
FDR-400,SATWARI ↔ MAKWAL,RETAINED_AS_FEEDER,Regional_District,LP,90,7,0,7,False,,207,False
FDR-363,SATWARI ↔ HAKKAL,RETAINED_AS_FEEDER,Urban,LP,60,2,0,2,False,,258,False
FDR-399,SATWARI ↔ KARPALPUR,RETAINED_AS_FEEDER,Urban,LP,60,3,0,3,False,,127,False
FDR-323,SATWARI ↔ HAKHAL,RETAINED_AS_FEEDER,Peri_Urban,MP,30,6,0,6,False,,296,True
FDR-251,SATWARI ↔ MANDAL PHALIAN CHANNI,RETAINED_AS_FEEDER,Peri_Urban,MP,30,11,0,11,False,,725,True
FDR-260,SATWARI ↔ KHERI RAYAL,RETAINED_AS_FEEDER,Peri_Urban,MP,30,11,0,11,False,,613,True
FDR-479,SATWARI ↔ KIRPALPUR SARDARA CHAK,RETAINED_AS_FEEDER,Urban,LP,60,2,0,2,False,,115,False
FDR-221,SATWARI (CANTONMENT BOARD GROUND ↔ SHER E KASHMIR UNIVERSITY,RETAINED_AS_FEEDER,Urban,MP,30,5,0,5,False,,388,True
FDR-362,SATWARI TO ↔ REHAL,RETAINED_AS_FEEDER,Peri_Urban,LP,60,4,0,4,False,,395,False
CMP-03,Janipur to Miran Sahib,UPGRADED_TO_TRUNK,Peri_Urban,MP,10,23,20,3,True,CMP-03,318,True
CMP-06,Panjtirthi to Bagh-E-Bahu,UPGRADED_TO_TRUNK,Urban,HP,10,7,6,1,True,CMP-06,411,False
CMP-07,Jewel Chowk to Marh,UPGRADED_TO_TRUNK,Urban,MP,10,16,14,2,True,CMP-07,236,True
CMP-08,Amphala to Rahya Suchani,UPGRADED_TO_TRUNK,Peri_Urban,MP,10,39,34,5,True,CMP-08,558,True
CMP-10,Satwari to Vijaypur,UPGRADED_TO_TRUNK,Peri_Urban,MP,10,33,29,4,True,CMP-10,1096,False
CMP-11,B.C. Road Bus Terminal to Domana,UPGRADED_TO_TRUNK,Urban,HP,10,13,12,1,True,CMP-11,253,True
CMP-12,Railway Station to Nagrota,UPGRADED_TO_TRUNK,Urban,MP,10,18,16,2,True,CMP-12,408,False
CMP-13,B.C. Road Terminal to Jagti Township,UPGRADED_TO_TRUNK,Peri_Urban,MP,10,18,16,2,True,CMP-13,168,True
