Route_Name,Origin,Origin_Lat,Origin_Lon,Destination,Dest_Lat,Dest_Lon,Via_Points_Raw,Via_Points_Geocoded,Vehicle_Category,Service_Type
,SOURA,34.14241,74.79914,LD,34.08565,74.80555,DALGATE,"34.08076,74.82822",MPV,Ordinary Service
,PARIMPORA,34.08565,74.80555,BUDGAM,34.08565,74.80555,JEHANGIR CHOWK,"34.053990471567,74.804345615448",MPV,Ordinary Service
,PARIMPORA,34.08565,74.80555,BUDGAM,34.08565,74.80555,JEHANGIR CHOWK,"34.053990471567,74.804345615448",MPV,Ordinary Service
,PARIMPORA,34.08565,74.80555,BUDGAM,34.08565,74.80555,JEHANGIR CHOWK,"34.053990471567,74.804345615448",MPV,Ordinary Service
,PARIMPORA,34.08565,74.80555,BUDGAM,34.08565,74.80555,JEHANGIR CHOWK,"34.053990471567,74.804345615448",LPV,Ordinary Service
,PARIMPORA,34.08565,74.80555,HAZRATBAL,34.12896,74.84248,QAMARWARI,"34.08565,74.80555",LPV,Ordinary Service
,PARIMPORA,34.08565,74.80555,CHADORA,34.08565,74.80555,BATAMALLO,"34.08565,74.80555",MPV,Ordinary Service
,LAWAYPORA,34.08565,74.80555,JEHANGIR CHOWK,34.053990471567,74.804345615448,QAMARWARI,"34.08565,74.80555",MPV,Ordinary Service
,PARIMPORA,34.08565,74.80555,CHADORA,34.08565,74.80555,BATAMALLO,"34.08565,74.80555",MPV,Ordinary Service
,LALBAZAR,34.12857,74.81081,LD,34.08565,74.80555,DALGATE,"34.08076,74.82822",MPV,Ordinary Service
,SOURA,34.14241,74.79914,GADOORA,34.17754,74.77937,GANDERBAL,"34.22619,74.77478",MPV,Ordinary Service
,SOURA,34.14241,74.79914,GANDERBAL,34.22619,74.77478,BUCHPORA,"34.1515959,74.8081024",LPV,Ordinary Service
,SOURA,34.14241,74.79914,GANDERBAL,34.22619,74.77478,BUCHPORA,"34.1515959,74.8081024",LPV,Ordinary Service
,LALBAZAR,34.12857,74.81081,LALCHOWK,34.07121,74.81165,LD,"34.08565,74.80555",MPV,Express Service
,JEHANGIR CHOWK,34.053990471567,74.804345615448,SOURA,34.14241,74.79914,EID GAH,"34.103684242409,74.794845816198",MPV,Ordinary Service
,SOURA,34.14241,74.79914,LD,34.08565,74.80555,BUCHPORA,"34.1515959,74.8081024",LPV,Ordinary Service
,SOURA,34.14241,74.79914,LD,34.08565,74.80555,DALGATE,"34.08076,74.82822",MPV,Ordinary Service
,SOURA,34.14241,74.79914,HAZRATBAL,34.12896,74.84248,BUCHPORA,"34.1515959,74.8081024",MPV,Ordinary Service
,TRC,34.076219140122,74.827882193414,HAZRATBAL,34.12896,74.84248,KHAYAMKHANYARRAINAWARISAIDA KADALDALGATE,,LPV,Ordinary Service
,HAZRATBAL,34.12896,74.84248,LD,34.08565,74.80555,DALGATE,"34.08076,74.82822",MPV,Ordinary Service
,SOURA,34.14241,74.79914,RAILWAY STATION,34.024210639016,74.84728096503,DALGATE,"34.08076,74.82822",MPV,
,SOURA,34.14241,74.79914,LD,34.08565,74.80555,LALCHOWK,"34.07121,74.81165",MPV,
,MALBAGH,34.14774,74.82476,LD,34.08565,74.80555,ILLAHIBAGH,"34.15222,74.81073",MPV,Ordinary Service
,JEHANGIR CHOWK,34.053990471567,74.804345615448,JVC,34.08565,74.80555,BATAMALLO,"34.08565,74.80555",LPV,
,JEHANGIR CHOWK,34.053990471567,74.804345615448,JVC,34.08565,74.80555,BEMINA,"34.0955383,74.7740345",LPV,
,SOURA,34.14241,74.79914,PARIMPORA,34.08565,74.80555,SAKIDAFAR,"34.08565,74.80555",LPV,
,SOURA,34.14241,74.79914,HAZRATBAL,34.12896,74.84248,BUCHPORA,"34.1515959,74.8081024",LPV,
,SOURA,34.14241,74.79914,LD,34.08565,74.80555,NOWHATA,"34.09703,74.81376",LPV,
,JEHANGIR CHOWK,34.053990471567,74.804345615448,JVC,34.08565,74.80555,BEMINA,"34.0955383,74.7740345",LPV,
,JEHANGIR CHOWK,34.053990471567,74.804345615448,JVC,34.08565,74.80555,BEMINA,"34.0955383,74.7740345",LPV,
,JEHANGIR CHOWK,34.053990471567,74.804345615448,BUDGAM,34.08565,74.80555,KHUMANI CHOWK,"34.08565,74.80555",LPV,
,PARIMPORA,34.08565,74.80555,SAIDAKADAL,34.08565,74.80555,DALGATE,"34.08076,74.82822",LPV,
,JEHANGIR CHOWK,34.053990471567,74.804345615448,JVC,34.08565,74.80555,BEMINA,"34.0955383,74.7740345",LPV,
,SORA,34.14241,74.79914,PARIMPORA,34.08565,74.80555,QAMARWARI,"34.08565,74.80555",LPV,
,JEHANGIR CHOWK,34.053990471567,74.804345615448,HMT,34.104262879189,74.741446961221,PARIMPORA,"34.08565,74.80555",LPV,
,PARIMPORA,34.08565,74.80555,PANTHA CHOWK,34.08565,74.80555,DALGATE,"34.08076,74.82822",LPV,
,SOURA,34.14241,74.79914,LD,34.08565,74.80555,BUCHPORA,"34.1515959,74.8081024",LPV,Ordinary Service
,PARIMPORA,34.08565,74.80555,CHADORA,34.08565,74.80555,JEHANGIR CHOWK,"34.053990471567,74.804345615448",MPV,Ordinary Service
,SOURA,34.14241,74.79914,LD,34.08565,74.80555,DALGATE,"34.08076,74.82822",LPV,Ordinary Service
,SOURA,34.14241,74.79914,RAILWAY STATION,34.024210639016,74.84728096503,SONAWAR,"34.07315,74.84177",LPV,
,SOURA,34.14241,74.79914,HAZRATBAL,34.12896,74.84248,BUCHPORA,"34.1515959,74.8081024",LPV,
,SORA,34.14241,74.79914,LD,34.08565,74.80555,DALGATE,"34.08076,74.82822",LPV,Ordinary Service
,BAGHAT SHORA,34.14241,74.79914,LALCHOWK,34.07121,74.81165,NOWHATA,"34.09703,74.81376",LPV,
,JEHANGIR CHOWK,34.053990471567,74.804345615448,JVC,34.08565,74.80555,BEMINA,"34.0955383,74.7740345",MPV,Ordinary Service
,PARIMPORA,34.08565,74.80555,RAWALPORA,34.0373345,74.7943437,BARZULLA,"34.0526701,74.7975913",MPV,Express Service
,PARIMPORA,34.08565,74.80555,RAWALPORA,34.0373345,74.7943437,BARZULLA,"34.0526701,74.7975913",MPV,
,PARIMPORA,34.08565,74.80555,RAWALPORA,34.0373345,74.7943437,BARZULLA,"34.0526701,74.7975913",LPV,Express Service
,SOURA,34.14241,74.79914,LD,34.08565,74.80555,90FEET,"34.08565,74.80555",LPV,Ordinary Service
,LALBAZAR,34.12857,74.81081,QAMARWARI,34.08565,74.80555,MILL STOP,"34.08565,74.80555",HPV,Express Service
,SAFAKADAL,34.08565,74.80555,SMHS,24.06245003523,75.070053359426,JEHANGIR CHOWK,"34.053990471567,74.804345615448",LPV,Express Service
,NARBAL,34.08565,74.80555,JEHANGIR CHOWK,34.053990471567,74.804345615448,QAMARWARI,"34.08565,74.80555",LPV,Express Service
,SOURA,34.14241,74.79914,SMHS,24.06245003523,75.070053359426,JEHANGIR CHOWK,"34.053990471567,74.804345615448",MPV,Express Service
,SOURA,34.14241,74.79914,SMHS,24.06245003523,75.070053359426,JEHANGIR CHOWK,"34.053990471567,74.804345615448",MPV,Express Service
,SOURA,34.14241,74.79914,PARIMPORA,34.08565,74.80555,HAWAL,"34.1075264,74.8055123",MPV,Express Service
,PARIMPORA,34.08565,74.80555,SAIDAKADAL,34.08565,74.80555,DALGATE,"34.08076,74.82822",MPV,Express Service
,SOURA,34.14241,74.79914,QAMARWARI,34.08565,74.80555,EIDGAH,"34.103684242409,74.794845816198",LPV,Ordinary Service
,SOURA,34.14241,74.79914,SMHS,24.06245003523,75.070053359426,JEHANGIR CHOWK,"34.053990471567,74.804345615448",MPV,Express Service
,SAFAKADAL,34.08565,74.80555,JEHANGIR CHOWK,34.053990471567,74.804345615448,KARANANGAR,"34.080334,74.7945933",MPV,Ordinary Service
,SAFAKADAL,34.08565,74.80555,JEHANGIR CHOWK,34.053990471567,74.804345615448,KARANANGAR,"34.080334,74.7945933",LPV,Ordinary Service
,QAMARWARI,34.08565,74.80555,PATHACHOWK,34.08565,74.80555,DALGATE,"34.08076,74.82822",MPV,Ordinary Service
,SAFAKADAL,34.08565,74.80555,JEHANGIR CHOWK,34.053990471567,74.804345615448,KARANANGAR,"34.080334,74.7945933",MPV,
,SOURA,34.14241,74.79914,LD,34.08565,74.80555,DALGATE,"34.08076,74.82822",MPV,Express Service
,SAFAKADAL,34.08565,74.80555,JEHANGIR CHOWK,34.053990471567,74.804345615448,KARANANGAR,"34.080334,74.7945933",MPV,Express Service
,LALBAZAR,34.12857,74.81081,LD,34.08565,74.80555,LALCHOWK,"34.07121,74.81165",MPV,Express Service
,QAMARWARI,34.08565,74.80555,DALGATE,34.08076,74.82822,KHANYAR,"34.0892,74.81961",MPV,Express Service
,HAZRATBAL,34.12896,74.84248,LD,34.08565,74.80555,RAINAWARI,"34.09596,74.82471",MPV,
,HAZRATBAL,34.12896,74.84248,LD,34.08565,74.80555,RAINAWARI,"34.09596,74.82471",MPV,Express Service
,QAMARWARI,34.08565,74.80555,DALGATE,34.08076,74.82822,KHANYAR,"34.0892,74.81961",MPV,Express Service
,SAFAKADAL,34.08565,74.80555,SMHS,24.06245003523,75.070053359426,JEHANGIR CHOWK,"34.053990471567,74.804345615448",MPV,Ordinary Service
,SAIDAKADAL,34.08565,74.80555,PARIMPORA,34.08565,74.80555,DALGATE,"34.08076,74.82822",MPV,Express Service
,SAFAKADAL,34.08565,74.80555,SMHS,24.06245003523,75.070053359426,JEHANGIR CHOWK,"34.053990471567,74.804345615448",MPV,Express Service
,SAFAKADAL,34.08565,74.80555,SMHS,24.06245003523,75.070053359426,JEHANGIR CHOWK,"34.053990471567,74.804345615448",MPV,Ordinary Service
,SAFAKADAL,34.08565,74.80555,SMHS,24.06245003523,75.070053359426,JEHANGIR CHOWK,"34.053990471567,74.804345615448",MPV,
,LALBAZAR,34.12857,74.81081,PARIMPORA,34.08565,74.80555,QAMARWARI,"34.08565,74.80555",MPV,
,PARIMPORA,34.08565,74.80555,RAWALPORA,34.0373345,74.7943437,JEHANGIR CHOWK,"34.053990471567,74.804345615448",MPV,
,PARIMPORA,34.08565,74.80555,HAZRATBAL,34.12896,74.84248,QAMARWARI,"34.08565,74.80555",MPV,Express Service
,JEHANGIR CHOWK,34.053990471567,74.804345615448,HMT,34.104262879189,74.741446961221,PARIMPORA,"34.08565,74.80555",MPV,Express Service
,LALBAZAR,34.12857,74.81081,PARIMPORA,34.08565,74.80555,QAMARWARI,"34.08565,74.80555",MPV,
,LALBAZAR,34.12857,74.81081,PARIMPORA,34.08565,74.80555,QAMARWARI,"34.08565,74.80555",MPV,Express Service
,LALBAZAR,34.12857,74.81081,PARIMPORA,34.08565,74.80555,QAMARWARI,"34.08565,74.80555",MPV,Ordinary Service
,PARIMPORA,34.08565,74.80555,CHADORA,34.08565,74.80555,JEHANGIR CHOWK,"34.053990471567,74.804345615448",MPV,Ordinary Service
,LALBAZAR,34.12857,74.81081,PARIMPORA,34.08565,74.80555,QAMARWARI,"34.08565,74.80555",MPV,Ordinary Service
,LALBAZAR,34.12857,74.81081,PARIMPORA,34.08565,74.80555,QAMARWARI,"34.08565,74.80555",MPV,Ordinary Service
,QAMARWARI,34.08565,74.80555,HAZRATBAL,34.12896,74.84248,RAZIAKADAL,"34.08565,74.80555",MPV,Express Service
,SOURA,34.14241,74.79914,JEHANGIR CHOWK,34.053990471567,74.804345615448,ZONIMAR,"34.08565,74.80555",LPV,Ordinary Service
,LALBAZAR,34.12857,74.81081,PARIMPORA,34.08565,74.80555,QAMARWARI,"34.08565,74.80555",LPV,Express Service
,HMT,34.104262879189,74.741446961221,JEHANGIR CHOWK,34.053990471567,74.804345615448,BATAMALLO,"34.08565,74.80555",MPV,Express Service
,LALBAZAR,34.12857,74.81081,PARIMPORA,34.08565,74.80555,QAMARWARI,"34.08565,74.80555",MPV,Ordinary Service
,PARIMPORA,34.08565,74.80555,RANGRATH,34.08565,74.80555,BYPASS,"34.106885793923,74.753060862332",MPV,Express Service
,SAIDAKADAL,34.08565,74.80555,BYPASS,34.106885793923,74.753060862332,DALGATE,"34.08076,74.82822",LPV,Express Service
,SAIDAKADAL,34.08565,74.80555,BYPASS,34.106885793923,74.753060862332,DALGATE,"34.08076,74.82822",MPV,Ordinary Service
,HMT,34.104262879189,74.741446961221,JEHANGIR CHOWK,34.053990471567,74.804345615448,BATAMALLO,"34.08565,74.80555",MPV,
,JEHANGIR CHOWK,34.053990471567,74.804345615448,HMT,34.104262879189,74.741446961221,PARIMPORA,"34.08565,74.80555",MPV,Ordinary Service
,JEHANGIR CHOWK,34.053990471567,74.804345615448,HMT,34.104262879189,74.741446961221,PARIMPORA,"34.08565,74.80555",MPV,Ordinary Service
,PARIMPORA,34.08565,74.80555,RANGRATH,34.08565,74.80555,BYPASS,"34.106885793923,74.753060862332",MPV,Ordinary Service
,PARIMPORA,34.08565,74.80555,RANGRATH,34.08565,74.80555,BYPASS,"34.106885793923,74.753060862332",MPV,Express Service
,SAFAKADAL,34.08565,74.80555,JEHANGIR CHOWK,34.053990471567,74.804345615448,SMHS,"24.06245003523,75.070053359426",MPV,
,SAFAKADAL,34.08565,74.80555,JEHANGIR CHOWK,34.053990471567,74.804345615448,SMHS,"24.06245003523,75.070053359426",MPV,Ordinary Service
,JEHANGIR CHOWK,34.053990471567,74.804345615448,HMT,34.104262879189,74.741446961221,PARIMPORA,"34.08565,74.80555",MPV,Express Service
,JEHANGIR CHOWK,34.053990471567,74.804345615448,PANZINARA,34.151632,74.700248,PARIMPORA,"34.08565,74.80555",MPV,Ordinary Service
,SAFAKADAL,34.08565,74.80555,JEHANGIR CHOWK,34.053990471567,74.804345615448,SMHS,"24.06245003523,75.070053359426",MPV,Express Service
,SAFAKADAL,34.08565,74.80555,JEHANGIR CHOWK,34.053990471567,74.804345615448,SMHS,"24.06245003523,75.070053359426",MPV,Express Service
,BATAMALLO,34.08565,74.80555,PANTHA CHOWK,34.08565,74.80555,TENGPORA,"34.12472,74.80075",MPV,Express Service
,SAFAKADAL,34.08565,74.80555,JEHANGIR CHOWK,34.053990471567,74.804345615448,SMHS,"24.06245003523,75.070053359426",MPV,
,SAFAKADAL,34.08565,74.80555,JEHANGIR CHOWK,34.053990471567,74.804345615448,SMHS,"24.06245003523,75.070053359426",MPV,Express Service
,PARIMPORA,34.08565,74.80555,RANGRATH,34.08565,74.80555,BYPASS,"34.106885793923,74.753060862332",MPV,Ordinary Service
,PARIMPORA,34.08565,74.80555,RAWALPORA,34.0373345,74.7943437,JEHANGIR CHOWK,"34.053990471567,74.804345615448",MPV,Ordinary Service
,BATAMALLO,34.08565,74.80555,PANTHA CHOWK,34.08565,74.80555,TENGPORA,"34.12472,74.80075",MPV,Goods Service
,JEHANGIR CHOWK,34.053990471567,74.804345615448,JVC,34.08565,74.80555,BEMINA,"34.0955383,74.7740345",MPV,Express Service
,BATAMALLO,34.08565,74.80555,PANTHA CHOWK,34.08565,74.80555,TENGPORA,"34.12472,74.80075",LPV,Express Service
,PARIMPORA,34.08565,74.80555,RANGRATH,34.08565,74.80555,BYPASS,"34.106885793923,74.753060862332",MPV,Express Service
,BATAMALLO,34.08565,74.80555,PANTHA CHOWK,34.08565,74.80555,MOMINABAD TENGPORA,"34.12472,74.80075",MPV,
,JEHANGIR CHOWK,34.053990471567,74.804345615448,HMT,34.104262879189,74.741446961221,PARIMPORA,"34.08565,74.80555",MPV,Express Service
,BATAMALLO,34.08565,74.80555,PANTHA CHOWK,34.08565,74.80555,MOMINABAD TENGPORA,"34.12472,74.80075",MPV,Express Service
,BATAMALLO,34.08565,74.80555,PANTHA CHOWK,34.08565,74.80555,MOMINABAD TENGPORA,"34.12472,74.80075",LPV,Express Service
,JEHANGIR CHOWK,34.053990471567,74.804345615448,BUDGAM,34.08565,74.80555,KHUMANI CHOWK,"34.08565,74.80555",MPV,
,LALBAZAR,34.12857,74.81081,PARIMPORA,34.08565,74.80555,RAZIAKADAL,"34.08565,74.80555",MPV,Express Service
,SOURA,34.14241,74.79914,JEHANGIR CHOWK,34.053990471567,74.804345615448,ZONIMAR,"34.08565,74.80555",MPV,Ordinary Service
,PARIMPORA,34.08565,74.80555,PANTHACHOWK,34.08565,74.80555,DALGATE,"34.08076,74.82822",LPV,
,PARIMPORA,34.08565,74.80555,PANTHACHOWK,34.08565,74.80555,MOMINABAD TENGPORA,"34.12472,74.80075",LPV,Express Service
,SOURA,34.14241,74.79914,JEHANGIR CHOWK,34.053990471567,74.804345615448,ZONIMAR,"34.08565,74.80555",MPV,
,PARIMPORA,34.08565,74.80555,PANTHACHOWK,34.08565,74.80555,DALGATE,"34.08076,74.82822",MPV,Ordinary Service
,PARIMPORA,34.08565,74.80555,RANGRATH,34.08565,74.80555,BYPASS,"34.106885793923,74.753060862332",MPV,Express Service
,QAMARWARI,34.08565,74.80555,JEHANGIR CHOWK,34.053990471567,74.804345615448,DALGATE,"34.08076,74.82822",MPV,Ordinary Service
,NARBAL,34.08565,74.80555,JEHANGIR CHOWK,34.053990471567,74.804345615448,QAMARWARI,"34.08565,74.80555",MPV,
,PARIMPORA,34.08565,74.80555,BUDGAM,34.08565,74.80555,BYPASS,"34.106885793923,74.753060862332",MPV,Ordinary Service
,QAMARWARI,34.08565,74.80555,DALGATE,34.08076,74.82822,KHANYAR,"34.0892,74.81961",MPV,
,PARIMPORA,34.08565,74.80555,BUDGAM,34.08565,74.80555,BYPASS,"34.106885793923,74.753060862332",MPV,Express Service
,PARIMPORA,34.08565,74.80555,PANTHACHOWK,34.08565,74.80555,TENGPORA,"34.12472,74.80075",MPV,Ordinary Service
,PARIMPORA,34.08565,74.80555,JEHANGIR CHOWK,34.053990471567,74.804345615448,RANGRATH,"34.08565,74.80555",MPV,Ordinary Service
,QAMARWARI,34.08565,74.80555,DALGATE,34.08076,74.82822,BOHRIKADAL,"34.08565,74.80555",MPV,Express Service
,BATAMALLO,34.08565,74.80555,PANTHACHOK,34.08565,74.80555,HYDERPORA,"34.0437928,74.7759029",MPV,Ordinary Service
,SOURA,34.14241,74.79914,JEHANGIR CHOWK,34.053990471567,74.804345615448,QAMARWARI,"34.08565,74.80555",MPV,Express Service
,LALBAZAR,34.12857,74.81081,LD,34.08565,74.80555,DALGATE,"34.08076,74.82822",MPV,Express Service
,LALBAZAR,34.12857,74.81081,LD,34.08565,74.80555,DALGATE,"34.08076,74.82822",MPV,Express Service
,LALBAZAR,34.12857,74.81081,LD,34.08565,74.80555,DALGATE,"34.08076,74.82822",MPV,Ordinary Service
,JVC,34.08565,74.80555,BATWARA,34.05778,74.8499,LAL CHOWK,"34.07121,74.81165",MPV,Ordinary Service
,NARBAL,34.08565,74.80555,JEHANGIR CHOWK,34.053990471567,74.804345615448,QAMARWARI,"34.08565,74.80555",MPV,Express Service
,QAMARWARI,34.08565,74.80555,DALGATE,34.08076,74.82822,BATMALOO,"34.0745387,74.7877306",MPV,Ordinary Service
,BATAMALLO,34.08565,74.80555,PANTHACHOWK,34.08565,74.80555,TENGPORA,"34.12472,74.80075",MPV,Ordinary Service
,BATAMALLO,34.08565,74.80555,PANTHACHOWK,34.08565,74.80555,TENGPORA,"34.12472,74.80075",MPV,
,BATAMALLO,34.08565,74.80555,PANTHACHOWK,34.08565,74.80555,TENGPORA,"34.12472,74.80075",MPV,
,SAFAKADAL,34.08565,74.80555,JEHANGIR CHOWK,34.053990471567,74.804345615448,SMHS,"24.06245003523,75.070053359426",LPV,
,PARIMPORA,34.08565,74.80555,CHADORA,34.08565,74.80555,BYPASS,"34.106885793923,74.753060862332",MPV,Ordinary Service
,PARIMPORA,34.08565,74.80555,RANGRATH,34.08565,74.80555,BYPASS,"34.106885793923,74.753060862332",MPV,Ordinary Service
,LD,34.08565,74.80555,PANTHACHOWK,34.08565,74.80555,DALGATE,"34.08076,74.82822",MPV,Ordinary Service
,LD,34.08565,74.80555,PANTHACHOWK,34.08565,74.80555,DALGATE,"34.08076,74.82822",MPV,Ordinary Service
,LD,34.08565,74.80555,PANTHACHOWK,34.08565,74.80555,DALGATE,"34.08076,74.82822",MPV,Ordinary Service
,HAZRATBAL,34.12896,74.84248,BONE JOINT HOSPITAL BARZALLA,34.048943630688,74.803703086202,ABDULLAH BRIDGELD HOSPITAL,,MPV,Ordinary Service
,HAZRATBAL,34.12896,74.84248,LD,34.08565,74.80555,RAINAWARA,"34.08565,74.80555",MPV,Ordinary Service
,HAZRATBAL,34.12896,74.84248,LD,34.08565,74.80555,RAINAWARA,"34.08565,74.80555",MPV,Ordinary Service
,BATAMALLO,34.08565,74.80555,PANTHACHOWK,34.08565,74.80555,TENGPORA,"34.12472,74.80075",MPV,Ordinary Service
,BATAMALLO,34.08565,74.80555,PANTHACHOWK,34.08565,74.80555,TENGPORA,"34.12472,74.80075",MPV,
,PARIMPORA,34.08565,74.80555,CHADORA,34.08565,74.80555,JEHANGIR CHOWK,"34.053990471567,74.804345615448",MPV,
,PARIMPORA,34.08565,74.80555,PANTHACHOWK,34.08565,74.80555,DALGATE,"34.08076,74.82822",MPV,Ordinary Service
,PANTHACHOWK,34.08565,74.80555,LD,34.08565,74.80555,DALGATE,"34.08076,74.82822",MPV,Ordinary Service
,PANTHACHOWK,34.08565,74.80555,LD,34.08565,74.80555,DALGATE,"34.08076,74.82822",MPV,Ordinary Service
,GBS,34.08565,74.80555,LAL CHOWK,34.07121,74.81165,NALLAMAR ROAD,"34.08565,74.80555",MPV,Ordinary Service
,PARIMPORA,34.08565,74.80555,PANTHACHOWK,34.08565,74.80555,DALGATE,"34.08076,74.82822",MPV,Express Service
,PARIMPORA,34.08565,74.80555,JAWAHAIRNAGAR,34.06311,74.8136,LD,"34.08565,74.80555",MPV,Ordinary Service
,QAMARWARI,34.08565,74.80555,DALGATE,34.08076,74.82822,KHANYAR,"34.0892,74.81961",LPV,Ordinary Service
,PARIMPORA,34.08565,74.80555,JAWAHAIRNAGAR,34.06311,74.8136,LD,"34.08565,74.80555",MPV,
,QAMARWARI,34.08565,74.80555,BAGHI MEHTAB,34.040703,74.932721,EXB CROSSING,"34.08565,74.80555",MPV,Ordinary Service
,LALBAZAR,34.12857,74.81081,LD,34.08565,74.80555,DALGATE,"34.08076,74.82822",MPV,Ordinary Service
,LALBAZAR,34.12857,74.81081,LD,34.08565,74.80555,DALGATE,"34.08076,74.82822",MPV,Ordinary Service
,LALBAZAR,34.12857,74.81081,LD,34.08565,74.80555,DALGATE,"34.08076,74.82822",MPV,Express Service
,HAZRATBAL,34.12896,74.84248,LD,34.08565,74.80555,RAINAWARA,"34.08565,74.80555",MPV,Ordinary Service
,JEHANGIR CHOWK,34.053990471567,74.804345615448,BEMINA,34.0955383,74.7740345,BATAMALLO,"34.08565,74.80555",MPV,
,HAZRATBAL,34.12896,74.84248,LD,34.08565,74.80555,RAINAWARA,"34.08565,74.80555",MPV,Express Service
,PARIMPORA,34.08565,74.80555,JAWAHIRNAGAR,34.06311,74.8136,LD,"34.08565,74.80555",MPV,
,HAZRATBAL,34.12896,74.84248,LD,34.08565,74.80555,RAINAWARA,"34.08565,74.80555",MPV,Express Service
,HAZRATBAL,34.12896,74.84248,LD,34.08565,74.80555,RAINAWARA,"34.08565,74.80555",MPV,Ordinary Service
,HAZRATBAL,34.12896,74.84248,LD,34.08565,74.80555,RAINAWARA,"34.08565,74.80555",MPV,Ordinary Service
,PARIMPORA,34.08565,74.80555,JAWAHIRNAGAR,34.06311,74.8136,LD,"34.08565,74.80555",MPV,Express Service
,JEHANGIR CHOWK,34.053990471567,74.804345615448,BEMINA,34.0955383,74.7740345,BATAMALLO,"34.08565,74.80555",MPV,
,BATAMALLO,34.08565,74.80555,PANTHACHOWK,34.08565,74.80555,TENGPORA,"34.12472,74.80075",MPV,
,SAFAKADAL,34.08565,74.80555,JEHANGIR CHOWK,34.053990471567,74.804345615448,SMHS,"24.06245003523,75.070053359426",MPV,Goods Service
,BATAMALLO,34.08565,74.80555,PANTHACHOWK,34.08565,74.80555,TENGPORA,"34.12472,74.80075",MPV,Express Service
,PARIMPORA,34.08565,74.80555,JAWAHIRNAGAR,34.06311,74.8136,LD,"34.08565,74.80555",LPV,
,PARIMPORA,34.08565,74.80555,PANTHACHOWK,34.08565,74.80555,DALGATE,"34.08076,74.82822",MPV,Express Service
,HAZRATBAL,34.12896,74.84248,LD,34.08565,74.80555,RAINAWARA,"34.08565,74.80555",MPV,Express Service
,HAZRATBAL,34.12896,74.84248,LD,34.08565,74.80555,RAINAWARA,"34.08565,74.80555",MPV,Express Service
,BATAMALLO,34.08565,74.80555,PANTHACHOWK,34.08565,74.80555,TENGPORA,"34.12472,74.80075",MPV,Ordinary Service
,HAZRATBAL,34.12896,74.84248,LD,34.08565,74.80555,RAINAWARA,"34.08565,74.80555",MPV,Express Service
,JEHANGIR CHOWK,34.053990471567,74.804345615448,HMT,34.104262879189,74.741446961221,PARIMPORA,"34.08565,74.80555",MPV,
,QAMARWARI,34.08565,74.80555,DALGATE,34.08076,74.82822,KHANYAR,"34.0892,74.81961",MPV,Ordinary Service
,LALBAZAR,34.12857,74.81081,LALCHOWK,34.07121,74.81165,LD,"34.08565,74.80555",MPV,Express Service
,SOURA,34.14241,74.79914,PARIMPORA,34.08565,74.80555,SAKIDAFAR,"34.08565,74.80555",MPV,Express Service
,PARIMPORA,34.08565,74.80555,PANTHACHOWK,34.08565,74.80555,BATWARA,"34.05778,74.8499",MPV,Ordinary Service
,HAZRATBAL,34.12896,74.84248,LD,34.08565,74.80555,RAINAWARA,"34.08565,74.80555",MPV,Ordinary Service
,CHANAPORA,34.1563537,74.8892232,SOURA,34.14241,74.79914,RAMBAGH EXCROSSING BUND  SRTC NEW BRIDGE KHAYA RAJOURI KADAL,,MPV,Ordinary Service
,PARIMPORA,34.08565,74.80555,HUMHAMA,34.08565,74.80555,JEHANGIR CHOWK,"34.053990471567,74.804345615448",MPV,
,BATAMALLO,34.08565,74.80555,PANTHACHOWK,34.08565,74.80555,TENGPORA,"34.12472,74.80075",MPV,Ordinary Service
,PARIMPORA,34.08565,74.80555,PANTHACHOWK,34.08565,74.80555,BATWARA,"34.05778,74.8499",MPV,Express Service
,SAFAKADAL,34.08565,74.80555,JEHANGIR CHOWK,34.053990471567,74.804345615448,KARANANGAR,"34.080334,74.7945933",MPV,Ordinary Service
,SOURA,34.14241,74.79914,GANDERBAL,34.22619,74.77478,BUCHPORA,"34.1515959,74.8081024",MPV,
,JEHANGIR CHOWK,34.053990471567,74.804345615448,BUDGAM,34.08565,74.80555,KHUMANI CHOWK,"34.08565,74.80555",MPV,Ordinary Service
,JEHANGIR CHOWK,34.053990471567,74.804345615448,HMT,34.104262879189,74.741446961221,PARIMPORA,"34.08565,74.80555",MPV,Express Service
,JEHANGIR CHOWK,34.053990471567,74.804345615448,BUDGAM,34.08565,74.80555,KHUMANI CHOWK,"34.08565,74.80555",MPV,Express Service
,SOURA,34.14241,74.79914,JEHANGIR CHOWK,34.053990471567,74.804345615448,SMHS,"24.06245003523,75.070053359426",MPV,Express Service
,HAZRATBAL,34.12896,74.84248,LD,34.08565,74.80555,RAINAWARA,"34.08565,74.80555",MPV,Ordinary Service
,PARIMPORA,34.08565,74.80555,PANTHACHOWK,34.08565,74.80555,DALGATE,"34.08076,74.82822",MPV,Ordinary Service
,HAZRATBAL,34.12896,74.84248,LD,34.08565,74.80555,RAINAWARA,"34.08565,74.80555",MPV,Express Service
,LD,34.08565,74.80555,PAMPORE,34.08565,74.80555,DALGATE,"34.08076,74.82822",MPV,
,BATMALOO,34.0745387,74.7877306,DALGATE,34.08076,74.82822,EASTERN AREA OF SRINAGAR CITY,"34.08565,74.80555",MPV,Ordinary Service
,PARIMPORA,34.08565,74.80555,PANTHACHOWK,34.08565,74.80555,BATWARA,"34.05778,74.8499",MPV,Ordinary Service
,LALBAZAR,34.12857,74.81081,LALCHOWK,34.07121,74.81165,LD,"34.08565,74.80555",LPV,Ordinary Service
,SAFAKADAL,34.08565,74.80555,JEHANGIR CHOWK,34.053990471567,74.804345615448,KARANANGAR,"34.080334,74.7945933",MPV,Express Service
,JEHANGIR CHOWK,34.053990471567,74.804345615448,BUDGAM,34.08565,74.80555,KHUMANI CHOWK,"34.08565,74.80555",MPV,Ordinary Service
,PARIMPORA,34.08565,74.80555,PANTHACHOWK,34.08565,74.80555,DALGATE,"34.08076,74.82822",LPV,Express Service
,SAFAKADAL,34.08565,74.80555,JEHANGIR CHOWK,34.053990471567,74.804345615448,KARANANGAR,"34.080334,74.7945933",MPV,Ordinary Service
,HAZRATBAL,34.12896,74.84248,LD,34.08565,74.80555,RAINAWARA,"34.08565,74.80555",LPV,Ordinary Service
,HMT,34.104262879189,74.741446961221,JEHANGIR CHOWK,34.053990471567,74.804345615448,BATAMALLO,"34.08565,74.80555",MPV,Express Service
,NARBAL,34.08565,74.80555,JEHANGIR CHOWK,34.053990471567,74.804345615448,QAMARWARI,"34.08565,74.80555",MPV,
"Hazratbal, Lalbazar",PARIMPORA,34.08565,74.80555,RAJIAKADAL,34.08565,74.80555,,,LPV,Ordinary Service
,HAZRATBAL,34.12896,74.84248,LD,34.08565,74.80555,RAINAWARA,"34.08565,74.80555",MPV,Express Service
,HAZRATBAL,34.12896,74.84248,LD,34.08565,74.80555,RAINAWARA,"34.08565,74.80555",LPV,Express Service
,BATAMALLO,34.08565,74.80555,PANTHACHOWK,34.08565,74.80555,TENGPORA,"34.12472,74.80075",MPV,Ordinary Service
,JEHANGIR CHOWK,34.053990471567,74.804345615448,JVC,34.08565,74.80555,BEMINA,"34.0955383,74.7740345",MPV,Ordinary Service
,JEHANGIR CHOWK,34.053990471567,74.804345615448,BEMINA,34.0955383,74.7740345,BATAMALLO,"34.08565,74.80555",MPV,Ordinary Service
,HAZRATBAL,34.12896,74.84248,LD,34.08565,74.80555,RAINAWARA,"34.08565,74.80555",MPV,Express Service
,LD,34.08565,74.80555,PAMPORE,34.08565,74.80555,DALGATE,"34.08076,74.82822",MPV,
,HAZRATBAL,34.12896,74.84248,LD,34.08565,74.80555,RAINAWARA,"34.08565,74.80555",MPV,Express Service
,PARIMPORA,34.08565,74.80555,JAWAHIRNAGAR,34.06311,74.8136,LD,"34.08565,74.80555",MPV,Ordinary Service
,HAZRATBAL,34.12896,74.84248,LD,34.08565,74.80555,RAINAWARA,"34.08565,74.80555",MPV,
,JEHANGIR CHOWK,34.053990471567,74.804345615448,BEMINA,34.0955383,74.7740345,BATAMALLO,"34.08565,74.80555",MPV,Ordinary Service
,PARIMPORA,34.08565,74.80555,PANTHACHOWK,34.08565,74.80555,DALGATE,"34.08076,74.82822",MPV,
,HAZRATBAL,34.12896,74.84248,LD,34.08565,74.80555,RAINAWARA,"34.08565,74.80555",MPV,Ordinary Service
,SOURA,34.14241,74.79914,HAZRATBAL,34.12896,74.84248,BUCHPORA,"34.1515959,74.8081024",MPV,Express Service
,PARIMPORA,34.08565,74.80555,HAZRATBAL,34.12896,74.84248,QAMARWARI,"34.08565,74.80555",LPV,Express Service
,PARIMPORA,34.08565,74.80555,HUMHAMA,34.08565,74.80555,JEHANGIR CHOWK,"34.053990471567,74.804345615448",MPV,Ordinary Service
,PARIMPORA,34.08565,74.80555,HUMHAMA,34.08565,74.80555,JEHANGIR CHOWK,"34.053990471567,74.804345615448",LPV,Ordinary Service
,PARIMPORA,34.08565,74.80555,HUMHAMA,34.08565,74.80555,JEHANGIR CHOWK,"34.053990471567,74.804345615448",MPV,Ordinary Service
,LD,34.08565,74.80555,PARIMPORA,34.08565,74.80555,JEHANGIR CHOWK,"34.053990471567,74.804345615448",MPV,Express Service
,PARIMPORA,34.08565,74.80555,HUMHAMA,34.08565,74.80555,JEHANGIR CHOWK,"34.053990471567,74.804345615448",MPV,Ordinary Service
,JEHANGIR CHOWK,34.053990471567,74.804345615448,BEMINA,34.0955383,74.7740345,BATAMALLO,"34.08565,74.80555",LPV,Express Service
,PARIMPORA,34.08565,74.80555,HAZRATBAL,34.12896,74.84248,QAMARWARI,"34.08565,74.80555",MPV,Ordinary Service
,SOURA,34.14241,74.79914,DALGATE,34.08076,74.82822,LALCHOWK,"34.07121,74.81165",LPV,Ordinary Service
,SOURA,34.14241,74.79914,JEHANGIR CHOWK,34.053990471567,74.804345615448,SMHS,"24.06245003523,75.070053359426",LPV,
,JEHANGIR CHOWK,34.053990471567,74.804345615448,HMT,34.104262879189,74.741446961221,PARIMPORA,"34.08565,74.80555",LPV,Ordinary Service
,HAZRATBAL,34.12896,74.84248,LD,34.08565,74.80555,RAINAWARA,"34.08565,74.80555",LPV,Ordinary Service
,HAZRATBAL,34.12896,74.84248,LD,34.08565,74.80555,RAINAWARA,"34.08565,74.80555",MPV,
,PARIMPORA,34.08565,74.80555,HUMHAMA,34.08565,74.80555,JEHANGIR CHOWK,"34.053990471567,74.804345615448",LPV,Express Service
,PARIMPORA,34.08565,74.80555,PANTHACHOWK,34.08565,74.80555,DALGATE,"34.08076,74.82822",LPV,
,SOURA,34.14241,74.79914,JEHANGIR CHOWK,34.053990471567,74.804345615448,SMHS,"24.06245003523,75.070053359426",LPV,
,JEHANGIR CHOWK,34.053990471567,74.804345615448,BEMINA,34.0955383,74.7740345,BATAMALLO,"34.08565,74.80555",LPV,Express Service
,SOURA,34.14241,74.79914,CHUNTWALIWAR,34.08565,74.80555,GANDERBAL LAR,,MPV,Ordinary Service
,JEHANGIR CHOWK,34.053990471567,74.804345615448,HMT,34.104262879189,74.741446961221,PARIMPORA,"34.08565,74.80555",MPV,Ordinary Service
,JEHANGIR CHOWK,34.053990471567,74.804345615448,JVC,34.08565,74.80555,BEMINA,"34.0955383,74.7740345",MPV,Ordinary Service
,HMT,34.104262879189,74.741446961221,JEHANGIR CHOWK,34.053990471567,74.804345615448,QAMARWARI,"34.08565,74.80555",MPV,Ordinary Service
,SOURA,34.14241,74.79914,BATAMALLO,34.08565,74.80555,JEHANGIR CHOWK,"34.053990471567,74.804345615448",MPV,Ordinary Service
,PARIMPORA,34.08565,74.80555,HUMHAMA,34.08565,74.80555,JEHANGIR CHOWK,"34.053990471567,74.804345615448",MPV,Ordinary Service
,JEHANGIR CHOWK,34.053990471567,74.804345615448,BEMINA,34.0955383,74.7740345,BATAMALLO,"34.08565,74.80555",MPV,Ordinary Service
,SOURA,34.14241,74.79914,PARIMPORA,34.08565,74.80555,HAWAL,"34.1075264,74.8055123",MPV,Ordinary Service
,RANGPORA,34.08565,74.80555,SOURA,34.14241,74.79914,LALCHOWK,"34.07121,74.81165",MPV,Ordinary Service
,PARIMPORA,34.08565,74.80555,HUMHAMA,34.08565,74.80555,JEHANGIR CHOWK,"34.053990471567,74.804345615448",MPV,Ordinary Service
,PARIMPORA,34.08565,74.80555,PANTHACHOWK,34.08565,74.80555,DALGATE,"34.08076,74.82822",MPV,
,RANGPORA,34.08565,74.80555,SOURA,34.14241,74.79914,LALCHOWK,"34.07121,74.81165",MPV,Ordinary Service
,LD,34.08565,74.80555,PARIMPORA,34.08565,74.80555,JEHANGIR CHOWK,"34.053990471567,74.804345615448",MPV,Ordinary Service
,HAZRATBAL,34.12896,74.84248,LD,34.08565,74.80555,RAINAWARA,"34.08565,74.80555",MPV,Ordinary Service
,HAZRATBAL,34.12896,74.84248,LD,34.08565,74.80555,RAINAWARA,"34.08565,74.80555",MPV,Ordinary Service
,JEHANGIR CHOWK,34.053990471567,74.804345615448,PANZINARA,34.151632,74.700248,PARIMPORA,"34.08565,74.80555",MPV,Ordinary Service
,LD,34.08565,74.80555,BUDGAM,34.08565,74.80555,RAMBAGH EXCROSSING BUND  SRTC NEW BRIDGE KHAYA RAJOURI KADAL,,MPV,Express Service
,BATAMALLO,34.08565,74.80555,PANTHACHOWK,34.08565,74.80555,TENGPORA,"34.12472,74.80075",MPV,Ordinary Service
,HAZRATBAL,34.12896,74.84248,LD,34.08565,74.80555,RAINAWARA,"34.08565,74.80555",MPV,
,PARIMPORA,34.08565,74.80555,PANTHACHOWK,34.08565,74.80555,DALGATE,"34.08076,74.82822",MPV,Ordinary Service
,JEHANGIR CHOWK,34.053990471567,74.804345615448,BUDGAM,34.08565,74.80555,KHUMANI CHOWK,"34.08565,74.80555",MPV,Ordinary Service
,NARBAL,34.08565,74.80555,JEHANGIR CHOWK,34.053990471567,74.804345615448,PARIMPORA,"34.08565,74.80555",MPV,Ordinary Service
,JEHANGIR CHOWK,34.053990471567,74.804345615448,BUDGAM,34.08565,74.80555,KHUMANI CHOWK,"34.08565,74.80555",MPV,Ordinary Service
,LD,34.08565,74.80555,BUDGAM,34.08565,74.80555,RAMBAGH EXCROSSING BUND  SRTC NEW BRIDGE KHAYA RAJOURI KADAL,,MPV,Ordinary Service
,RANGPORA,34.08565,74.80555,SOURA,34.14241,74.79914,DALGATE,"34.08076,74.82822",MPV,Rural Service
,JEHANGIR CHOWK,34.053990471567,74.804345615448,HMT,34.104262879189,74.741446961221,PARIMPORA,"34.08565,74.80555",LPV,
,LD,34.08565,74.80555,PAMPORE,34.08565,74.80555,DALGATE,"34.08076,74.82822",MPV,Ordinary Service
,PARIMPORA,34.08565,74.80555,PAMPORE,34.08565,74.80555,DALGATE,"34.08076,74.82822",MPV,
,LD,34.08565,74.80555,BUDGAM,34.08565,74.80555,RAMBAGH EXCROSSING BUND  SRTC NEW BRIDGE KHAYA RAJOURI KADAL,,MPV,Ordinary Service
,SOURA,34.14241,74.79914,JEHANGIR CHOWK,34.053990471567,74.804345615448,QAMARWARI,"34.08565,74.80555",MPV,Ordinary Service
,HAZRATBAL,34.12896,74.84248,LD,34.08565,74.80555,RAINAWARA,"34.08565,74.80555",MPV,Ordinary Service
,LALBAZAR,34.12857,74.81081,LALCHOWK,34.07121,74.81165,LD,"34.08565,74.80555",MPV,Ordinary Service
,LD,34.08565,74.80555,BUDGAM,34.08565,74.80555,RAMBAGH EXCROSSING BUND  SRTC NEW BRIDGE KHAYA RAJOURI KADAL,,MPV,Ordinary Service
,PARIMPORA,34.08565,74.80555,PANTHACHOWK,34.08565,74.80555,DALGATE,"34.08076,74.82822",LPV,Ordinary Service
,RANGPORA,34.08565,74.80555,DALGATE,34.08076,74.82822,LALCHOWK,"34.07121,74.81165",MPV,
,JEHANGIR CHOWK,34.053990471567,74.804345615448,BEMINA,34.0955383,74.7740345,BATAMALLO,"34.08565,74.80555",LPV,Ordinary Service
,LD,34.08565,74.80555,PARIMPORA,34.08565,74.80555,JEHANGIR CHOWK,"34.053990471567,74.804345615448",MPV,Ordinary Service
,PARIMPORA,34.08565,74.80555,PANTHACHOWK,34.08565,74.80555,DALGATE,"34.08076,74.82822",MPV,
,SOURA,34.14241,74.79914,JEHANGIR CHOWK,34.053990471567,74.804345615448,EIDGAH,"34.103684242409,74.794845816198",MPV,Ordinary Service
,BATAMAALO,34.08565,74.80555,PANTHACHOWK,34.08565,74.80555,HYDERPORA,"34.0437928,74.7759029",MPV,Ordinary Service
,LD,34.08565,74.80555,PAMPORE,34.08565,74.80555,DALGATE,"34.08076,74.82822",MPV,Ordinary Service
,LALBAZAR,34.12857,74.81081,LALCHOWK,34.07121,74.81165,LD,"34.08565,74.80555",LPV,Ordinary Service
,JEHANGIR CHOWK,34.053990471567,74.804345615448,BEMINA,34.0955383,74.7740345,BATAMALLO,"34.08565,74.80555",MPV,Ordinary Service
,BATAMALLO,34.08565,74.80555,PANTHACHOWK,34.08565,74.80555,TENGPORA,"34.12472,74.80075",MPV,Ordinary Service
,LD,34.08565,74.80555,PAMPORE,34.08565,74.80555,DALGATE,"34.08076,74.82822",MPV,Ordinary Service
,BATAMALLO,34.08565,74.80555,PANTHACHOWK,34.08565,74.80555,TENGPORA,"34.12472,74.80075",MPV,Ordinary Service
,NARBAL,34.08565,74.80555,JEHANGIR CHOWK,34.053990471567,74.804345615448,QAMARWARI,"34.08565,74.80555",MPV,Ordinary Service
,SOURA,34.14241,74.79914,JEHANGIR CHOWK,34.053990471567,74.804345615448,BATAMALLO,"34.08565,74.80555",MPV,Ordinary Service
,SOURA,34.14241,74.79914,JEHANGIR CHOWK,34.053990471567,74.804345615448,SMHS,"24.06245003523,75.070053359426",MPV,Ordinary Service
,HAZRATBAL,34.12896,74.84248,LD,34.08565,74.80555,RAINAWARI,"34.09596,74.82471",MPV,Ordinary Service
,NARBAL,34.08565,74.80555,JEHANGIR CHOWK,34.053990471567,74.804345615448,QAMARWARI,"34.08565,74.80555",MPV,Ordinary Service
,LD,34.08565,74.80555,PAMPORE,34.08565,74.80555,DALGATE,"34.08076,74.82822",MPV,Ordinary Service
,HAZRATBAL,34.12896,74.84248,LD,34.08565,74.80555,RAINAWARI,"34.09596,74.82471",LPV,Ordinary Service
,HAZRATBAL,34.12896,74.84248,LD,34.08565,74.80555,RAINAWARI,"34.09596,74.82471",MPV,Ordinary Service
,SOURA,34.14241,74.79914,PARIMPORA,34.08565,74.80555,SAKIDAFAR,"34.08565,74.80555",MPV,Ordinary Service
,BATAMALLO,34.08565,74.80555,PANTHACHOWK,34.08565,74.80555,TENGPORA,"34.12472,74.80075",MPV,Ordinary Service
,PARIMPORA,34.08565,74.80555,PANTHACHOWK,34.08565,74.80555,DALGATE,"34.08076,74.82822",MPV,Ordinary Service
,LD,34.08565,74.80555,PAMPORE,34.08565,74.80555,DALGATE,"34.08076,74.82822",MPV,Ordinary Service
,SOURA,34.14241,74.79914,JEHANGIR CHOWK,34.053990471567,74.804345615448,ZONIMAR,"34.08565,74.80555",MPV,Ordinary Service
,PARIMPORA,34.08565,74.80555,PATHACHOWK,34.08565,74.80555,DALGATE,"34.08076,74.82822",MPV,Ordinary Service
,PARIMPORA,34.08565,74.80555,BUDGAM,34.08565,74.80555,TENGPORA,"34.12472,74.80075",MPV,Ordinary Service
,JEHANGIR CHOWK,34.053990471567,74.804345615448,BUDGAM,34.08565,74.80555,KHUMANI CHOWK,"34.08565,74.80555",MPV,Ordinary Service
,LD,34.08565,74.80555,PAMPORE,34.08565,74.80555,DALGATE,"34.08076,74.82822",MPV,Ordinary Service
,BATAMALLO,34.08565,74.80555,PANTHACHOWK,34.08565,74.80555,TENGPORA,"34.12472,74.80075",LPV,Ordinary Service
,NARBAL,34.08565,74.80555,JEHANGIR CHOWK,34.053990471567,74.804345615448,QAMARWARI,"34.08565,74.80555",MPV,Ordinary Service
,PARIMPORA,34.08565,74.80555,BUDGAM,34.08565,74.80555,BATAMALLOTENGPORA,,MPV,Ordinary Service
,PARIMPORA,34.08565,74.80555,BUDGAM,34.08565,74.80555,BATAMALLOTENGPORA,,MPV,Ordinary Service
,PARIMPORA,34.08565,74.80555,PANTHACHOWK,34.08565,74.80555,DALGATE,"34.08076,74.82822",LPV,Ordinary Service
,PARIMPORA,34.08565,74.80555,PANTHACHOWK,34.08565,74.80555,DALGATE,"34.08076,74.82822",MPV,Ordinary Service
,HAZRATBAL,34.12896,74.84248,LD,34.08565,74.80555,RAINAWARA,"34.08565,74.80555",MPV,Ordinary Service
,LAWAYPORA,34.08565,74.80555,JEHANGIR CHOWK,34.053990471567,74.804345615448,QAMARWARI,"34.08565,74.80555",LPV,Ordinary Service
,JEHANGIR CHOWK,34.053990471567,74.804345615448,BEMINA,34.0955383,74.7740345,BATAMALLO,"34.08565,74.80555",MPV,Ordinary Service
,RANGPORA,34.08565,74.80555,LALCHOWK,34.07121,74.81165,DALGATE,"34.08076,74.82822",LPV,Ordinary Service
,BATAMALLO,34.08565,74.80555,PANTHACHOWK,34.08565,74.80555,TENGPORA,"34.12472,74.80075",LPV,Ordinary Service
,RANGPORA,34.08565,74.80555,LALCHOWK,34.07121,74.81165,DALGATE,"34.08076,74.82822",LPV,Rural Service
,RANGPORA,34.08565,74.80555,LALCHOWK,34.07121,74.81165,DALGATE,"34.08076,74.82822",MPV,
,BATAMALLO,34.08565,74.80555,PANTHACHOWK,34.08565,74.80555,TENGPORA,"34.12472,74.80075",MPV,Rural Service
,JEHANGIR CHOWK,34.053990471567,74.804345615448,BEMINA,34.0955383,74.7740345,BATAMALLO,"34.08565,74.80555",LPV,Ordinary Service
,PARIMPORA,34.08565,74.80555,PANTHACHOWK,34.08565,74.80555,DALGATE,"34.08076,74.82822",MPV,Ordinary Service
,PARIMPORA,34.08565,74.80555,PATHACHOWK,34.08565,74.80555,DALGATE,"34.08076,74.82822",MPV,Ordinary Service
,LD,34.08565,74.80555,PAMPORE,34.08565,74.80555,DALGATE,"34.08076,74.82822",MPV,Ordinary Service
,PARIMPORA,34.08565,74.80555,PAMPORE,34.08565,74.80555,DALGATE,"34.08076,74.82822",LPV,Ordinary Service
,PARIMPORA,34.08565,74.80555,BUDGAM,34.08565,74.80555,BATAMALLOTENGPORA,,MPV,
,PARIMPORA,34.08565,74.80555,PAMPORE,34.08565,74.80555,DALGATE,"34.08076,74.82822",MPV,
,LD,34.08565,74.80555,PAMPORE,34.08565,74.80555,DALGATE,"34.08076,74.82822",MPV,Ordinary Service
,BATAMALLO,34.08565,74.80555,PANTHACHOWK,34.08565,74.80555,TENGPORA,"34.12472,74.80075",LPV,Ordinary Service
,SOURA,34.14241,74.79914,JEHANGIR CHOWK,34.053990471567,74.804345615448,SMHS,"24.06245003523,75.070053359426",MPV,Ordinary Service
,PARIMPORA,34.08565,74.80555,PAMPORE,34.08565,74.80555,DALGATE,"34.08076,74.82822",MPV,Ordinary Service
,PARIMPORA,34.08565,74.80555,BUDGAM,34.08565,74.80555,BATAMALLOTENGPORA,,MPV,Ordinary Service
,PARIMPORA,34.08565,74.80555,BUDGAM,34.08565,74.80555,BATAMALLOTENGPORA,,MPV,Ordinary Service
,MALBAGH,34.14774,74.82476,LD,34.08565,74.80555,ILLAHIBAGH,"34.15222,74.81073",LPV,Express Service
,LD,34.08565,74.80555,PAMPORE,34.08565,74.80555,DALGATE,"34.08076,74.82822",MPV,Ordinary Service
,HAZRATBAL,34.12896,74.84248,LD,34.08565,74.80555,RAINAWARA,"34.08565,74.80555",MPV,Ordinary Service
,JEHANGIR CHOWK,34.053990471567,74.804345615448,BEMINA,34.0955383,74.7740345,BATAMALLO,"34.08565,74.80555",MPV,Ordinary Service
,PARIMPORA,34.08565,74.80555,BUDGAM,34.08565,74.80555,BATAMALLOTENGPORA,,MPV,Ordinary Service
,LD,34.08565,74.80555,PAMPORE,34.08565,74.80555,DALGATE,"34.08076,74.82822",MPV,Ordinary Service
,JEHANGIR CHOWK,34.053990471567,74.804345615448,BUDGAM,34.08565,74.80555,KHUMANI CHOWK,"34.08565,74.80555",MPV,Ordinary Service
,RANGPORA,34.08565,74.80555,LALCHOWK,34.07121,74.81165,DALGATE,"34.08076,74.82822",LPV,
,LD,34.08565,74.80555,PAMPORE,34.08565,74.80555,DALGATE,"34.08076,74.82822",MPV,Ordinary Service
,RANGPORA,34.08565,74.80555,LALCHOWK,34.07121,74.81165,DALGATE,"34.08076,74.82822",LPV,Ordinary Service
,SOURA,34.14241,74.79914,JEHANGIR CHOWK,34.053990471567,74.804345615448,QAMARWARI,"34.08565,74.80555",MPV,Ordinary Service
,LD,34.08565,74.80555,PAMPORE,34.08565,74.80555,DALGATE,"34.08076,74.82822",MPV,Ordinary Service
,HAZRATBAL,34.12896,74.84248,LD,34.08565,74.80555,RAINAWARA,"34.08565,74.80555",MPV,Ordinary Service
,LALBAZAR,34.12857,74.81081,LD,34.08565,74.80555,DALGATE,"34.08076,74.82822",MPV,Ordinary Service
,JEHANGIR CHOWK,34.053990471567,74.804345615448,PANZINARA,34.151632,74.700248,PARIMPORA,"34.08565,74.80555",MPV,Ordinary Service
,LALBAZAR,34.12857,74.81081,LD,34.08565,74.80555,DALGATE,"34.08076,74.82822",MPV,Ordinary Service
,LD,34.08565,74.80555,PAMPORE,34.08565,74.80555,DALGATE,"34.08076,74.82822",MPV,Ordinary Service
,PARIMPORA,34.08565,74.80555,PANTHACHOWK,34.08565,74.80555,DALGATE,"34.08076,74.82822",MPV,Ordinary Service
,HAZRATBAL,34.12896,74.84248,LD,34.08565,74.80555,RAINAWARA,"34.08565,74.80555",MPV,Ordinary Service
,HAZRATBAL,34.12896,74.84248,LD,34.08565,74.80555,RAINAWARA,"34.08565,74.80555",MPV,Ordinary Service
,PARIMPORA,34.08565,74.80555,PATHACHOWK,34.08565,74.80555,DALGATE,"34.08076,74.82822",MPV,Ordinary Service
,HAZRATBAL,34.12896,74.84248,LD,34.08565,74.80555,RAINAWARA,"34.08565,74.80555",MPV,Ordinary Service
,PARIMPORA,34.08565,74.80555,BUDGAM,34.08565,74.80555,JEHANGIR CHOWK,"34.053990471567,74.804345615448",MPV,Ordinary Service
,HAZRATBAL,34.12896,74.84248,LD,34.08565,74.80555,RAINAWARA,"34.08565,74.80555",MPV,Ordinary Service
,LD,34.08565,74.80555,PAMPORE,34.08565,74.80555,DALGATE,"34.08076,74.82822",LPV,Ordinary Service
,SOURA,34.14241,74.79914,RAILWAY STATION,34.024210639016,74.84728096503,DALGATE,"34.08076,74.82822",MPV,Express Service
,SOURA,34.14241,74.79914,JEHANGIR CHOWK,34.053990471567,74.804345615448,ZONIMAR,"34.08565,74.80555",MPV,Ordinary Service
,SOURA,34.14241,74.79914,JEHANGIR CHOWK,34.053990471567,74.804345615448,ZONIMAR,"34.08565,74.80555",MPV,
,SAIDAKADAL,34.08565,74.80555,PARIMPORA,34.08565,74.80555,DALGATE,"34.08076,74.82822",MPV,Ordinary Service
,PARIMPORA,34.08565,74.80555,BUDGAM,34.08565,74.80555,JEHANGIR CHOWK,"34.053990471567,74.804345615448",MPV,Ordinary Service
,NARBAL,34.08565,74.80555,JEHANGIR CHOWK,34.053990471567,74.804345615448,QAMARWARI,"34.08565,74.80555",MPV,Ordinary Service
,LALBAZAR,34.12857,74.81081,LALCHOWK,34.07121,74.81165,LD,"34.08565,74.80555",MPV,Ordinary Service
,HAZRATBAL,34.12896,74.84248,LD,34.08565,74.80555,RAINAWARA,"34.08565,74.80555",MPV,Ordinary Service
,PARIMPORA,34.08565,74.80555,PANTHACHOWK,34.08565,74.80555,DALGATE,"34.08076,74.82822",LPV,Ordinary Service
,LD,34.08565,74.80555,PAMPORE,34.08565,74.80555,DALGATE,"34.08076,74.82822",MPV,Ordinary Service
,SOURA,34.14241,74.79914,JEHANGIR CHOWK,34.053990471567,74.804345615448,ZONIMAR,"34.08565,74.80555",MPV,
,QAMARWARI,34.08565,74.80555,PARIMPORA,34.08565,74.80555,LD,"34.08565,74.80555",MPV,Ordinary Service
,PARIMPORA,34.08565,74.80555,BUDGAM,34.08565,74.80555,JEHANGIR CHOWK,"34.053990471567,74.804345615448",MPV,Ordinary Service
,LD,34.08565,74.80555,PAMPORE,34.08565,74.80555,DALGATE,"34.08076,74.82822",MPV,Ordinary Service
,PARIMPORA,34.08565,74.80555,BUDGAM,34.08565,74.80555,JEHANGIR CHOWK,"34.053990471567,74.804345615448",MPV,Ordinary Service
,LD,34.08565,74.80555,PARIMPORA,34.08565,74.80555,JEHANGIR CHOWK,"34.053990471567,74.804345615448",MPV,Ordinary Service
,SOURA,34.14241,74.79914,LD,34.08565,74.80555,BUCHPORA,"34.1515959,74.8081024",MPV,Ordinary Service
,LD,34.08565,74.80555,PAMPORE,34.08565,74.80555,DALGATE,"34.08076,74.82822",MPV,Ordinary Service
,SOURA,34.14241,74.79914,HAZRATBAL,34.12896,74.84248,BUCHPORA,"34.1515959,74.8081024",MPV,Ordinary Service
,SOURA,34.14241,74.79914,HAZRATBAL,34.12896,74.84248,BUCHPORA,"34.1515959,74.8081024",MPV,Ordinary Service
,SOURA,34.14241,74.79914,RAILWAY STATION,34.024210639016,74.84728096503,DALGATE,"34.08076,74.82822",MPV,Ordinary Service
,PARIMPORA,34.08565,74.80555,BUDGAM,34.08565,74.80555,JEHANGIR CHOWK,"34.053990471567,74.804345615448",MPV,
,QAMARWARI,34.08565,74.80555,PARIMPORA,34.08565,74.80555,DALGATE,"34.08076,74.82822",MPV,Ordinary Service
,QAMARWARI,34.08565,74.80555,PARIMPORA,34.08565,74.80555,DALGATE,"34.08076,74.82822",MPV,Ordinary Service
,SOURA,34.14241,74.79914,LD,34.08565,74.80555,LALCHOWK,"34.07121,74.81165",MPV,Ordinary Service
,HAZRATBAL,34.12896,74.84248,LD,34.08565,74.80555,RAINAWARA,"34.08565,74.80555",MPV,Ordinary Service
,QAMARWARI,34.08565,74.80555,PARIMPORA,34.08565,74.80555,DALGATE,"34.08076,74.82822",LPV,Ordinary Service
,LD,34.08565,74.80555,PAMPORE,34.08565,74.80555,DALGATE,"34.08076,74.82822",MPV,Ordinary Service
,QAMARWARI,34.08565,74.80555,PARIMPORA,34.08565,74.80555,DALGATE,"34.08076,74.82822",MPV,Ordinary Service
,SOURA,34.14241,74.79914,LD,34.08565,74.80555,BUCHPORA,"34.1515959,74.8081024",MPV,Ordinary Service
,SOURA,34.14241,74.79914,HAZRATBAL,34.12896,74.84248,BUCHPORA,"34.1515959,74.8081024",MPV,Ordinary Service
,MA ROAD,34.106885793923,74.753060862332,SAFAKADAL,34.08565,74.80555,JEHANGIR CHOWK,"34.053990471567,74.804345615448",LPV,Ordinary Service
,SOURA,34.14241,74.79914,LD,34.08565,74.80555,LALCHOWK,"34.07121,74.81165",MPV,Ordinary Service
,PARIMPORA,34.08565,74.80555,PANTHACHOWK,34.08565,74.80555,DALGATE,"34.08076,74.82822",MPV,Ordinary Service
,RANGPORA,34.08565,74.80555,LD,34.08565,74.80555,90FEET,"34.08565,74.80555",MPV,Ordinary Service
,SOURA,34.14241,74.79914,LD,34.08565,74.80555,BUCHPORA,"34.1515959,74.8081024",MPV,Ordinary Service
,BAGHAT SHORA,34.14241,74.79914,LALCHOWK,34.07121,74.81165,NOWHATA,"34.09703,74.81376",LPV,Ordinary Service
,LD,34.08565,74.80555,PAMPORE,34.08565,74.80555,DALGATE,"34.08076,74.82822",MPV,Ordinary Service
,PARIMPORA,34.08565,74.80555,BUDGAM,34.08565,74.80555,JEHANGIR CHOWK,"34.053990471567,74.804345615448",LPV,
,PARIMPORA,34.08565,74.80555,BUDGAM,34.08565,74.80555,JEHANGIR CHOWK,"34.053990471567,74.804345615448",LPV,Ordinary Service
,CHANAPORA,34.1563537,74.8892232,SOURA,34.14241,74.79914,RAMBAGH EXCROSSING BUND  SRTC NEW BRIDGE KHAYA RAJOURI KADAL,,MPV,Ordinary Service
,SOURA,34.14241,74.79914,LD,34.08565,74.80555,LALCHOWK,"34.07121,74.81165",MPV,Ordinary Service
,SOURA,34.14241,74.79914,LD,34.08565,74.80555,NOWHATA,"34.09703,74.81376",MPV,Ordinary Service
,SOURA,34.14241,74.79914,JEHANGIR CHOWK,34.053990471567,74.804345615448,SMHS,"24.06245003523,75.070053359426",LPV,
,SOURA,34.14241,74.79914,LD,34.08565,74.80555,BUCHPORA,"34.1515959,74.8081024",MPV,Ordinary Service
,BAGHAT SHORA,34.14241,74.79914,LALCHOWK,34.07121,74.81165,NOWHATA,"34.09703,74.81376",MPV,Ordinary Service
,SOURA,34.14241,74.79914,LALCHOWK,34.07121,74.81165,NOWHATA,"34.09703,74.81376",MPV,Ordinary Service
,HAZRATBAL,34.12896,74.84248,LD,34.08565,74.80555,RAINAWARA,"34.08565,74.80555",MPV,Ordinary Service
,BAGHAT SHORA,34.14241,74.79914,LALCHOWK,34.07121,74.81165,NOWHATA,"34.09703,74.81376",LPV,
,SOURA,34.14241,74.79914,LALCHOWK,34.07121,74.81165,NOWHATA,"34.09703,74.81376",MPV,Ordinary Service
,LAWAYPORA,34.08565,74.80555,JEHANGIR CHOWK,34.053990471567,74.804345615448,QAMARWARI,"34.08565,74.80555",MPV,
,SOURA,34.14241,74.79914,LD,34.08565,74.80555,BUCHPORA,"34.1515959,74.8081024",MPV,Ordinary Service
,PARIMPORA,34.08565,74.80555,BUDGAM,34.08565,74.80555,JEHANGIR CHOWK,"34.053990471567,74.804345615448",LPV,
,PARIMPORA,34.08565,74.80555,BUDGAM,34.08565,74.80555,JEHANGIR CHOWK,"34.053990471567,74.804345615448",LPV,
,SOURA,34.14241,74.79914,GANDERBAL,34.22619,74.77478,BUCHPORA,"34.1515959,74.8081024",MPV,Goods Service
,SOURA,34.14241,74.79914,GANDERBAL,34.22619,74.77478,BUCHPORA,"34.1515959,74.8081024",MPV,Ordinary Service
,SOURA,34.14241,74.79914,HAZRATBAL,34.12896,74.84248,BUCHPORA,"34.1515959,74.8081024",MPV,Ordinary Service
,PARIMPORA,34.08565,74.80555,BUDGAM,34.08565,74.80555,JEHANGIR CHOWK,"34.053990471567,74.804345615448",MPV,
,JEHANGIR CHOWK,34.053990471567,74.804345615448,HMT,34.104262879189,74.741446961221,PARIMPORA,"34.08565,74.80555",LPV,
,MALBAGH,34.14774,74.82476,LD,34.08565,74.80555,ILLAHIBAGH,"34.15222,74.81073",LPV,Ordinary Service
,JEHANGIR CHOWK,34.053990471567,74.804345615448,JVC,34.08565,74.80555,BEMINA,"34.0955383,74.7740345",MPV,
,MA ROAD,34.106885793923,74.753060862332,PARIMPORA,34.08565,74.80555,BATAMALLO,"34.08565,74.80555",MPV,Ordinary Service
,TRC,34.076219140122,74.827882193414,HAZRATBAL,34.12896,74.84248,VIA SHALIMARNISHATNEHRU PARKDALGATE,,HPV,
,TRC,34.076219140122,74.827882193414,HAZRATBAL,34.12896,74.84248,VIA SHALIMARNISHATNEHRU PARKDALGATE,,HPV,Ordinary Service
,LD,34.08565,74.80555,PAMPORE,34.08565,74.80555,DALGATE,"34.08076,74.82822",MPV,Express Service
,SOURA,34.14241,74.79914,HAZRATBAL,34.12896,74.84248,BUCHPORA,"34.1515959,74.8081024",MPV,Ordinary Service
,SOURA,34.14241,74.79914,HAZRATBAL,34.12896,74.84248,BUCHPORA,"34.1515959,74.8081024",LPV,Ordinary Service
,SOURA,34.14241,74.79914,HAZRATBAL,34.12896,74.84248,BUCHPORA,"34.1515959,74.8081024",LPV,Ordinary Service
,PARIMPORA,34.08565,74.80555,BUDGAM,34.08565,74.80555,JEHANGIR CHOWK,"34.053990471567,74.804345615448",MPV,Ordinary Service
,LD,34.08565,74.80555,PARIMPORA,34.08565,74.80555,JEHANGIR CHOWK,"34.053990471567,74.804345615448",MPV,Ordinary Service
,SOURA,34.14241,74.79914,LD,34.08565,74.80555,DALGATE,"34.08076,74.82822",MPV,Express Service
,LD,34.08565,74.80555,PARIMPORA,34.08565,74.80555,JEHANGIR CHOWK,"34.053990471567,74.804345615448",MPV,Express Service
,SOURA,34.14241,74.79914,LD,34.08565,74.80555,DALGATE,"34.08076,74.82822",MPV,Ordinary Service
,LD,34.08565,74.80555,PARIMPORA,34.08565,74.80555,JEHANGIR CHOWK,"34.053990471567,74.804345615448",LPV,Express Service
,SAFAKADAL,34.08565,74.80555,JEHANGIR CHOWK,34.053990471567,74.804345615448,KARANANGAR,"34.080334,74.7945933",MPV,
,PARIMPORA,34.08565,74.80555,BUDGAM,34.08565,74.80555,JEHANGIR CHOWK,"34.053990471567,74.804345615448",MPV,
,JEHANGIR CHOWK,34.053990471567,74.804345615448,HMT,34.104262879189,74.741446961221,PARIMPORA,"34.08565,74.80555",LPV,Ordinary Service
,LD,34.08565,74.80555,PARIMPORA,34.08565,74.80555,JEHANGIR CHOWK,"34.053990471567,74.804345615448",MPV,
,SOURA,34.14241,74.79914,LD,34.08565,74.80555,LALCHOWK,"34.07121,74.81165",MPV,Ordinary Service
,JEHANGIR CHOWK,34.053990471567,74.804345615448,JVC,34.08565,74.80555,BEMINA,"34.0955383,74.7740345",LPV,
,SOURA,34.14241,74.79914,LD,34.08565,74.80555,LALCHOWK,"34.07121,74.81165",LPV,Ordinary Service
,SOURA,34.14241,74.79914,LD,34.08565,74.80555,DALGATE,"34.08076,74.82822",LPV,
,PARIMPORA,34.08565,74.80555,JAWAHIRNAGAR,34.06311,74.8136,LD,"34.08565,74.80555",HPV,Ordinary Service
,SAFAKADAL,34.08565,74.80555,JEHANGIR CHOWK,34.053990471567,74.804345615448,SMHS,"24.06245003523,75.070053359426",MPV,Ordinary Service
SRINAGAR to SHANGLIPORA,SRINAGAR,34.08565,74.80555,SHANGLIPORA,34.11245,74.77113,,,MPS Bus,Ordinary Service
SRINAGAR to ISGANDERPORA,SRINAGAR,34.08565,74.80555,ISGANDERPORA,34.08565,74.80555,,,MPS Bus,Ordinary Service
SRINAGAR to ABOORA,SRINAGAR,34.08565,74.80555,ABOORA,34.08565,74.80555,,,MPS Bus,Ordinary Service
SRINAGAR to ARIZAL,SRINAGAR,34.08565,74.80555,ARIZAL,34.08565,74.80555,,,MPS Bus,Ordinary Service
SRINAGAR to BADERKOTE,SRINAGAR,34.08565,74.80555,BADERKOTE,34.08565,74.80555,,,MPS Bus,Ordinary Service
SRINAGAR to LOOLPORA,SRINAGAR,34.08565,74.80555,LOOLPORA,34.08565,74.80555,,,MPS Bus,Ordinary Service
SRINAGAR to BEERU,SRINAGAR,34.08565,74.80555,BEERU,34.08565,74.80555,,,MPS Bus,Ordinary Service
SRINAGAR to DARDPORA,SRINAGAR,34.08565,74.80555,DARDPORA,34.08565,74.80555,,,MPS Bus,Ordinary Service
SRINAGAR to GAGULDARA,SRINAGAR,34.08565,74.80555,GAGULDARA,34.08565,74.80555,,,MPS Bus,Ordinary Service
SRINAGAR to RATNIPORA,SRINAGAR,34.08565,74.80555,RATNIPORA,34.08565,74.80555,,,MPS Bus,Ordinary Service
SRINAGAR to RATSUN,SRINAGAR,34.08565,74.80555,RATSUN,34.08565,74.80555,,,MPS Bus,Ordinary Service
SRINAGAR to KHAG,SRINAGAR,34.08565,74.80555,KHAG,34.08565,74.80555,,,MPS Bus,Ordinary Service
SRINAGAR to KARHAMA,SRINAGAR,34.08565,74.80555,KARHAMA,34.08565,74.80555,,,MPS Bus,Ordinary Service
SRINAGAR to CHEWDARA,SRINAGAR,34.08565,74.80555,CHEWDARA,34.1795,74.90772,,,MPS Bus,Ordinary Service
SRINAGAR to BADRUN,SRINAGAR,34.08565,74.80555,BADRUN,34.08565,74.80555,,,MPS Bus,Ordinary Service
SRINAGAR to TANGMARG,SRINAGAR,34.08565,74.80555,TANGMARG,34.08565,74.80555,,,MPS Bus,Ordinary Service
SRINAGAR to KHOOR,SRINAGAR,34.08565,74.80555,KHOOR,34.08565,74.80555,,,MPS Bus,Ordinary Service
SRINAGAR to HANDWARA,SRINAGAR,34.08565,74.80555,HANDWARA,34.08565,74.80555,,,MPS Bus,Ordinary Service
SRINAGAR to SHEIKHPORA KAKUTHAL,SRINAGAR,34.08565,74.80555,SHEIKHPORA KAKUTHAL,34.32661,74.23233,,,MPS Bus,Ordinary Service
SRINAGAR to TREHGAM KUP,SRINAGAR,34.08565,74.80555,TREHGAM KUP,34.08565,74.80555,,,MPS Bus,Ordinary Service
SRINAGAR to CHOWKIBAL,SRINAGAR,34.08565,74.80555,CHOWKIBAL,34.27899,74.93304,,,MPS Bus,Ordinary Service
SRINAGAR to MILYAAL,SRINAGAR,34.08565,74.80555,MILYAAL,34.08565,74.80555,,,MPS Bus,Ordinary Service
SRINAGAR to ZURHAMA,SRINAGAR,34.08565,74.80555,ZURHAMA,34.08565,74.80555,,,MPS Bus,Ordinary Service
SRINAGAR to TARTHPORA,SRINAGAR,34.08565,74.80555,TARTHPORA,34.08565,74.80555,,,MPS Bus,Ordinary Service
SRINAGAR to GAZRIYAL,SRINAGAR,34.08565,74.80555,GAZRIYAL,34.08565,74.80555,,,MPS Bus,Ordinary Service
SRINAGAR to HAJIN,SRINAGAR,34.08565,74.80555,HAJIN,34.08565,74.80555,,,MPS Bus,Ordinary Service
SRINAGAR to SAFAPORA SUMBAL,SRINAGAR,34.08565,74.80555,SAFAPORA SUMBAL,34.23412,75.05642,,,MPS Bus,Ordinary Service
SRINAGAR to SAFAPORA GBL,SRINAGAR,34.08565,74.80555,SAFAPORA GBL,34.08565,74.80555,,,MPS Bus,Ordinary Service
SRINAGAR to NARWARA BUDGAM,SRINAGAR,34.08565,74.80555,NARWARA BUDGAM,34.08565,74.80555,,,MPS Bus,Ordinary Service
SRINAGAR to CHARISHREEF,SRINAGAR,34.08565,74.80555,CHARISHREEF,34.08565,74.80555,,,MPS Bus,Ordinary Service
SRINAGAR to PAKHERPORA,SRINAGAR,34.08565,74.80555,PAKHERPORA,34.08565,74.80555,,,MPS Bus,Ordinary Service
SRINAGAR to TRAL DADSUR,SRINAGAR,34.08565,74.80555,TRAL DADSUR,34.08565,74.80555,,,MPS Bus,Ordinary Service
SRINAGAR to PASTHOON,SRINAGAR,34.08565,74.80555,PASTHOON,34.08565,74.80555,,,MPS Bus,Ordinary Service
SRINAGAR to NARISTAN,SRINAGAR,34.08565,74.80555,NARISTAN,34.08565,74.80555,,,MPS Bus,Ordinary Service
SRINAGAR to PINGLISH,SRINAGAR,34.08565,74.80555,PINGLISH,34.08565,74.80555,,,MPS Bus,Ordinary Service
SRINAGAR to TRAL NOWDAL,SRINAGAR,34.08565,74.80555,TRAL NOWDAL,34.08565,74.80555,,,MPS Bus,Ordinary Service
SRINAGAR to QAZIGUND,SRINAGAR,34.08565,74.80555,QAZIGUND,34.08565,74.80555,,,MPS Bus,Ordinary Service
SRINAGAR to MIRPORA BUDGAM,SRINAGAR,34.08565,74.80555,MIRPORA BUDGAM,34.08565,74.80555,,,MPS Bus,Ordinary Service
SRINAGAR to VIJIPOPRA,SRINAGAR,34.08565,74.80555,VIJIPOPRA,34.08565,74.80555,,,MPS Bus,Ordinary Service
SRINAGAR to KUPWARA DAY,SRINAGAR,34.08565,74.80555,KUPWARA DAY,34.08565,74.80555,,,MPS Bus,Ordinary Service
SRINAGAR to URI BARAMULLA,SRINAGAR,34.08565,74.80555,URI BARAMULLA,34.113640915477,74.729488884215,,,MPS Bus,Ordinary Service
SRINAGAR to TANGDAR,SRINAGAR,34.08565,74.80555,TANGDAR,34.08565,74.80555,,,MPS Bus,Ordinary Service
SRINAGAR to ZACHALDAR,SRINAGAR,34.08565,74.80555,ZACHALDAR,34.08565,74.80555,,,MPS Bus,Ordinary Service
BANDIPORA to SRINAGAR,BANDIPORA,34.115041355513,74.73783998052,SRINAGAR,34.08565,74.80555,,,Regular Bus,Ordinary Service
BANDIPORA to SRINAGAR,BANDIPORA,34.115041355513,74.73783998052,SRINAGAR,34.08565,74.80555,,,Regular Bus,Ordinary Service
BANDIPORA to SRINAGAR,BANDIPORA,34.115041355513,74.73783998052,SRINAGAR,34.08565,74.80555,,,Regular Bus,Ordinary Service
SRINAGAR to BANDIPORA,SRINAGAR,34.08565,74.80555,BANDIPORA,34.115041355513,74.73783998052,,,Regular Bus,Ordinary Service
SRINAGAR to BANKOOT via BANDIPORA,SRINAGAR,34.08565,74.80555,BANKOOT,34.08565,74.80555,BANDIPORA,"34.115041355513,74.73783998052",Regular Bus,Ordinary Service
SRINAGAR to ARIN,SRINAGAR,34.08565,74.80555,ARIN,34.08565,74.80555,,,Regular Bus,Ordinary Service
MALANGAM to SRINAGAR,MALANGAM,34.08565,74.80555,SRINAGAR,34.08565,74.80555,,,Regular Bus,Ordinary Service
BANDIPORA to BARAMULLA,BANDIPORA,34.115041355513,74.73783998052,BARAMULLA,34.113640915477,74.729488884215,,,Regular Bus,Ordinary Service
SRINAGAR to SOPORE,SRINAGAR,34.08565,74.80555,SOPORE,34.08565,74.80555,,,Regular Bus,Ordinary Service
SRINAGAR to SOPORE,SRINAGAR,34.08565,74.80555,SOPORE,34.08565,74.80555,,,Regular Bus,Ordinary Service
SRINAGAR to ZALOORA,SRINAGAR,34.08565,74.80555,ZALOORA,34.1656406,74.8284465,,,Regular Bus,Ordinary Service
SRINAGAR to BOTINGUE,SRINAGAR,34.08565,74.80555,BOTINGUE,34.08565,74.80555,,,Regular Bus,Ordinary Service
SRINAGAR to BARAMULLA,SRINAGAR,34.08565,74.80555,BARAMULLA,34.113640915477,74.729488884215,,,Regular Bus,Ordinary Service
SRINAGAR to URI,SRINAGAR,34.08565,74.80555,URI,34.08565,74.80555,,,Regular Bus,Ordinary Service
KAMALKOTE to BARAMULLA,KAMALKOTE,34.08565,74.80555,BARAMULLA,34.113640915477,74.729488884215,,,Regular Bus,Ordinary Service
GARKOTE to BARAMULLA,GARKOTE,34.08565,74.80555,BARAMULLA,34.113640915477,74.729488884215,,,Regular Bus,Ordinary Service
NAMBIA to BARAMULLA,NAMBIA,34.08565,74.80555,BARAMULLA,34.113640915477,74.729488884215,,,Regular Bus,Ordinary Service
FATHGATH to SRINAGAR,FATHGATH,34.08565,74.80555,SRINAGAR,34.08565,74.80555,,,Regular Bus,Ordinary Service
PEHILPORA to URI via BARAMULLA,PEHILPORA,34.08565,74.80555,URI,34.08565,74.80555,BARAMULLA,"34.113640915477,74.729488884215",Regular Bus,Ordinary Service
SRINAGAR to KACHOO,SRINAGAR,34.08565,74.80555,KACHOO,34.08565,74.80555,,,Regular Bus,Ordinary Service
MAIDANAN to SRINAGAR,MAIDANAN,34.08565,74.80555,SRINAGAR,34.08565,74.80555,,,Regular Bus,Ordinary Service
IJARA to SRINAGAR,IJARA,34.08565,74.80555,SRINAGAR,34.08565,74.80555,,,Regular Bus,Ordinary Service
BARAMULA to KUPWRA,BARAMULA,34.113640915477,74.729488884215,KUPWRA,34.08565,74.80555,,,Regular Bus,Ordinary Service
SRINAGAR to KUPWARA,SRINAGAR,34.08565,74.80555,KUPWARA,34.08565,74.80555,,,Regular Bus,Ordinary Service
SRINAGAR to SOGAM,SRINAGAR,34.08565,74.80555,SOGAM,21.11217016406,79.078964422959,,,Regular Bus,Ordinary Service
SRINAGAR to KUPWARA,SRINAGAR,34.08565,74.80555,KUPWARA,34.08565,74.80555,,,Regular Bus,Ordinary Service
SRINAGAR to KUPWARA,SRINAGAR,34.08565,74.80555,KUPWARA,34.08565,74.80555,,,Regular Bus,Ordinary Service
SRINAGAR to KAPWARA,SRINAGAR,34.08565,74.80555,KAPWARA,34.08565,74.80555,,,Regular Bus,Ordinary Service
SHOPIAN to SRINAGAR,SHOPIAN,34.08565,74.80555,SRINAGAR,34.08565,74.80555,,,Regular Bus,Ordinary Service
SEDOW to SRINAGAR,SEDOW,34.08565,74.80555,SRINAGAR,34.08565,74.80555,,,Regular Bus,Ordinary Service
HARMAN to SRINAGAR,HARMAN,34.18694,74.76392,SRINAGAR,34.08565,74.80555,,,Regular Bus,Ordinary Service
KAPRIN to SRINAGAR,KAPRIN,34.08565,74.80555,SRINAGAR,34.08565,74.80555,,,Regular Bus,Ordinary Service
NEHAMA to SRINAGAR,NEHAMA,34.08565,74.80555,SRINAGAR,34.08565,74.80555,,,Regular Bus,Ordinary Service
KHULL AHMADABAD to SRINAGAR,KHULL AHMADABAD,23.0437221,72.5526846,SRINAGAR,34.08565,74.80555,,,Regular Bus,Ordinary Service
DHPORA to SRINAGAR,DHPORA,34.08565,74.80555,SRINAGAR,34.08565,74.80555,,,Regular Bus,Ordinary Service
PARIWAN to SRINAGAR,PARIWAN,34.08565,74.80555,SRINAGAR,34.08565,74.80555,,,Regular Bus,Ordinary Service
SRINAGAR to KULGAM,SRINAGAR,34.08565,74.80555,KULGAM,34.08565,74.80555,,,Regular Bus,Ordinary Service
SRINAGAR to KATROSOO,SRINAGAR,34.08565,74.80555,KATROSOO,34.08565,74.80555,,,Regular Bus,Ordinary Service
SRINAGAR to YARIPORA,SRINAGAR,34.08565,74.80555,YARIPORA,34.08565,74.80555,,,Regular Bus,Ordinary Service
PULWAMA to SRINAGAR,PULWAMA,34.08565,74.80555,SRINAGAR,34.08565,74.80555,,,Regular Bus,Ordinary Service
SRINAGAR to PULWAMA,SRINAGAR,34.08565,74.80555,PULWAMA,34.08565,74.80555,,,Regular Bus,Ordinary Service
KOIL to SRINAGAR,KOIL,34.08565,74.80555,SRINAGAR,34.08565,74.80555,,,Regular Bus,Ordinary Service
SRINAGAR to WASOORA,SRINAGAR,34.08565,74.80555,WASOORA,34.08565,74.80555,,,Regular Bus,Ordinary Service
SRINAGAR to LETTAR,SRINAGAR,34.08565,74.80555,LETTAR,34.08565,74.80555,,,Regular Bus,Ordinary Service
SRINAGAR to LETTER,SRINAGAR,34.08565,74.80555,LETTER,34.08565,74.80555,,,Regular Bus,Ordinary Service
SRINAGAR to HEFF,SRINAGAR,34.08565,74.80555,HEFF,34.08565,74.80555,,,Regular Bus,Ordinary Service
SRINAGAR to KELLER,SRINAGAR,34.08565,74.80555,KELLER,34.08565,74.80555,,,Regular Bus,Ordinary Service
SRINAGAR to KELLER,SRINAGAR,34.08565,74.80555,KELLER,34.08565,74.80555,,,Regular Bus,Ordinary Service
SRINAGAR to KELLER,SRINAGAR,34.08565,74.80555,KELLER,34.08565,74.80555,,,Regular Bus,Ordinary Service
SRINAGAR to ACHGUZE,SRINAGAR,34.08565,74.80555,ACHGUZE,34.08565,74.80555,,,Regular Bus,Ordinary Service
SRINAGAR to SANGERWANI,SRINAGAR,34.08565,74.80555,SANGERWANI,34.08565,74.80555,,,Regular Bus,Ordinary Service
SRINAGAR to PAKHERPORA,SRINAGAR,34.08565,74.80555,PAKHERPORA,34.08565,74.80555,,,Regular Bus,Ordinary Service
ANANTNAGH to SRINAGAR,ANANTNAGH,34.08565,74.80555,SRINAGAR,34.08565,74.80555,,,Regular Bus,Ordinary Service
ANANTNAGH to SRINAGAR,ANANTNAGH,34.08565,74.80555,SRINAGAR,34.08565,74.80555,,,Regular Bus,Ordinary Service
ANANTNAGH to SRINAGAR,ANANTNAGH,34.08565,74.80555,SRINAGAR,34.08565,74.80555,,,Regular Bus,Ordinary Service
ANANTNAGH to SRINAGAR,ANANTNAGH,34.08565,74.80555,SRINAGAR,34.08565,74.80555,,,Regular Bus,Ordinary Service
ANANTNAGH to SRINAGAR,ANANTNAGH,34.08565,74.80555,SRINAGAR,34.08565,74.80555,,,Regular Bus,Ordinary Service
ANANTNAGH to SRINAGAR,ANANTNAGH,34.08565,74.80555,SRINAGAR,34.08565,74.80555,,,Regular Bus,Ordinary Service
ANANTNAGH to SRINAGAR,ANANTNAGH,34.08565,74.80555,SRINAGAR,34.08565,74.80555,,,Regular Bus,Ordinary Service
ANANTNAGH to SRINAGAR,ANANTNAGH,34.08565,74.80555,SRINAGAR,34.08565,74.80555,,,Regular Bus,Ordinary Service
ANANTNAGH to SRINAGAR,ANANTNAGH,34.08565,74.80555,SRINAGAR,34.08565,74.80555,,,Regular Bus,Ordinary Service
ANANTNAGH to SRINAGAR,ANANTNAGH,34.08565,74.80555,SRINAGAR,34.08565,74.80555,,,Regular Bus,Ordinary Service
SRINAGAR to PHALGAM,SRINAGAR,34.08565,74.80555,PHALGAM,34.08565,74.80555,,,Regular Bus,Ordinary Service
SRINAGAR to MAWAN,SRINAGAR,34.08565,74.80555,MAWAN,34.08565,74.80555,,,Regular Bus,Ordinary Service
SRINAGAR to DEVSUR,SRINAGAR,34.08565,74.80555,DEVSUR,34.08565,74.80555,,,Regular Bus,Ordinary Service
SRINAGAR to LAMMER,SRINAGAR,34.08565,74.80555,LAMMER,34.08565,74.80555,,,Regular Bus,Ordinary Service
SRINAGAR to KAPRUN,SRINAGAR,34.08565,74.80555,KAPRUN,34.08565,74.80555,,,Regular Bus,Ordinary Service
SRINAGAR to CHOWGUND,SRINAGAR,34.08565,74.80555,CHOWGUND,34.08565,74.80555,,,Regular Bus,Ordinary Service
SRINAGAR to SHANGUS,SRINAGAR,34.08565,74.80555,SHANGUS,34.08565,74.80555,,,Regular Bus,Ordinary Service
SRINAGAR to UTTERSOO,SRINAGAR,34.08565,74.80555,UTTERSOO,34.08565,74.80555,,,Regular Bus,Ordinary Service
VAILO to SRINAGAR,VAILO,34.08565,74.80555,SRINAGAR,34.08565,74.80555,,,Regular Bus,Ordinary Service
SRINAGAR to CHAKIL PORA,SRINAGAR,34.08565,74.80555,CHAKIL PORA,34.08565,74.80555,,,Regular Bus,Ordinary Service
HAFTNAR to ANANTNAGH,HAFTNAR,34.08565,74.80555,ANANTNAGH,34.08565,74.80555,,,Regular Bus,Ordinary Service
SRINAGAR to KHERUM,SRINAGAR,34.08565,74.80555,KHERUM,34.08565,74.80555,,,Regular Bus,Ordinary Service
SRINAGAR to MATIGAWRAN,SRINAGAR,34.08565,74.80555,MATIGAWRAN,34.08565,74.80555,,,Regular Bus,Ordinary Service
ANANTNAGH to SHOPIAN,ANANTNAGH,34.08565,74.80555,SHOPIAN,34.08565,74.80555,,,Regular Bus,Ordinary Service
SRINAGAR to NEW KHANDA,SRINAGAR,34.08565,74.80555,NEW KHANDA,34.08565,74.80555,,,City Bus,Ordinary Service
SRINAGAR to BY PASS,SRINAGAR,34.08565,74.80555,BY PASS,34.106885793923,74.753060862332,,,City Bus,Ordinary Service
SRINAGAR to KHREW,SRINAGAR,34.08565,74.80555,KHREW,34.08565,74.80555,,,City Bus,Ordinary Service
SRINAGAR to KHREW,SRINAGAR,34.08565,74.80555,KHREW,34.08565,74.80555,,,City Bus,Ordinary Service
SRINAGAR to RAILWAY,SRINAGAR,34.08565,74.80555,RAILWAY,34.08565,74.80555,,,City Bus,Ordinary Service
SRINAGAR to BYPASS,SRINAGAR,34.08565,74.80555,BYPASS,34.106885793923,74.753060862332,,,City Bus,Ordinary Service
SRINAGAR to GULABAGH,SRINAGAR,34.08565,74.80555,GULABAGH,34.18134,74.81788,,,City Bus,Ordinary Service
SRINAGAR to BYPASS,SRINAGAR,34.08565,74.80555,BYPASS,34.106885793923,74.753060862332,,,City Bus,Ordinary Service
SRINAGAR to RATNIPURA,SRINAGAR,34.08565,74.80555,RATNIPURA,34.08565,74.80555,,,City Bus,Ordinary Service
SRINAGAR to BYPASS,SRINAGAR,34.08565,74.80555,BYPASS,34.106885793923,74.753060862332,,,City Bus,Ordinary Service
SRINAGAR to BUCHPORA,SRINAGAR,34.08565,74.80555,BUCHPORA,34.1515959,74.8081024,,,City Bus,Ordinary Service
SRINAGAR to PAMPORE,SRINAGAR,34.08565,74.80555,PAMPORE,34.08565,74.80555,,,City Bus,Ordinary Service
SRINAGAR to BUDGAM,SRINAGAR,34.08565,74.80555,BUDGAM,34.08565,74.80555,,,City Bus,Ordinary Service
SRINAGAR to PAMPORE,SRINAGAR,34.08565,74.80555,PAMPORE,34.08565,74.80555,,,City Bus,Ordinary Service
SRINAGAR to GUND,SRINAGAR,34.08565,74.80555,GUND,34.08565,74.80555,,,City Bus,Ordinary Service
SRINAGAR to CHADOORA,SRINAGAR,34.08565,74.80555,CHADOORA,34.08565,74.80555,,,City Bus,Ordinary Service
SRINAGAR to RAILWAY,SRINAGAR,34.08565,74.80555,RAILWAY,34.08565,74.80555,,,City Bus,Ordinary Service
SRINAGAR to PAMPORE,SRINAGAR,34.08565,74.80555,PAMPORE,34.08565,74.80555,,,City Bus,Ordinary Service
SRINAGAR to BUGAM,SRINAGAR,34.08565,74.80555,BUGAM,34.08565,74.80555,,,City Bus,Ordinary Service
SRINAGAR to CHADOORA,SRINAGAR,34.08565,74.80555,CHADOORA,34.08565,74.80555,,,City Bus,Ordinary Service
SRINAGAR to PAMPORE,SRINAGAR,34.08565,74.80555,PAMPORE,34.08565,74.80555,,,City Bus,Ordinary Service
SRINAGAR to BYPASS,SRINAGAR,34.08565,74.80555,BYPASS,34.106885793923,74.753060862332,,,City Bus,Ordinary Service
SRINAGAR to RASOO,SRINAGAR,34.08565,74.80555,RASOO,34.08565,74.80555,,,City Bus,Ordinary Service
SRINAGAR to PAMPORE,SRINAGAR,34.08565,74.80555,PAMPORE,34.08565,74.80555,,,City Bus,Ordinary Service
SRINAGAR to HARWAN,SRINAGAR,34.08565,74.80555,HARWAN,34.15676,74.89312,,,City Bus,Ordinary Service
SRINAGAR to HARWAN,SRINAGAR,34.08565,74.80555,HARWAN,34.15676,74.89312,,,City Bus,Ordinary Service
SRINAGAR to PAMPORE,SRINAGAR,34.08565,74.80555,PAMPORE,34.08565,74.80555,,,City Bus,Ordinary Service
SRINAGAR to NEW KHANDA,SRINAGAR,34.08565,74.80555,NEW KHANDA,34.08565,74.80555,,,City Bus,Ordinary Service
SRINAGAR to KHREW,SRINAGAR,34.08565,74.80555,KHREW,34.08565,74.80555,,,City Bus,Ordinary Service
SRINAGAR to PAMPORE,SRINAGAR,34.08565,74.80555,PAMPORE,34.08565,74.80555,,,City Bus,Ordinary Service
SRINAGAR to PAMPORE,SRINAGAR,34.08565,74.80555,PAMPORE,34.08565,74.80555,,,City Bus,Ordinary Service
SRINAGAR to GULABAGH,SRINAGAR,34.08565,74.80555,GULABAGH,34.18134,74.81788,,,City Bus,Ordinary Service
SRINAGAR to BYPASS,SRINAGAR,34.08565,74.80555,BYPASS,34.106885793923,74.753060862332,,,City Bus,Ordinary Service
SRINAGAR to RATNIPURA,SRINAGAR,34.08565,74.80555,RATNIPURA,34.08565,74.80555,,,City Bus,Ordinary Service
SRINAGAR to PAMPORE,SRINAGAR,34.08565,74.80555,PAMPORE,34.08565,74.80555,,,City Bus,Ordinary Service
SRINAGAR to GANDERBAL,SRINAGAR,34.08565,74.80555,GANDERBAL,34.22619,74.77478,,,City Bus,Ordinary Service
SRINAGAR to PAMPORE,SRINAGAR,34.08565,74.80555,PAMPORE,34.08565,74.80555,,,City Bus,Ordinary Service
SRINAGAR to BUDGAM,SRINAGAR,34.08565,74.80555,BUDGAM,34.08565,74.80555,,,City Bus,Ordinary Service
SRINAGAR to BYPASS,SRINAGAR,34.08565,74.80555,BYPASS,34.106885793923,74.753060862332,,,City Bus,Ordinary Service
SRINAGAR to GUND,SRINAGAR,34.08565,74.80555,GUND,34.08565,74.80555,,,City Bus,Ordinary Service
SRINAGAR to RAILWAY,SRINAGAR,34.08565,74.80555,RAILWAY,34.08565,74.80555,,,City Bus,Ordinary Service
SRINAGAR to PAMPORE,SRINAGAR,34.08565,74.80555,PAMPORE,34.08565,74.80555,,,City Bus,Ordinary Service
SRINAGAR to CHADOORA,SRINAGAR,34.08565,74.80555,CHADOORA,34.08565,74.80555,,,City Bus,Ordinary Service
SRINAGAR to BUGAM,SRINAGAR,34.08565,74.80555,BUGAM,34.08565,74.80555,,,City Bus,Ordinary Service
SRINAGAR to PAMPORE,SRINAGAR,34.08565,74.80555,PAMPORE,34.08565,74.80555,,,City Bus,Ordinary Service
SRINAGAR to PAMPORE,SRINAGAR,34.08565,74.80555,PAMPORE,34.08565,74.80555,,,City Bus,Ordinary Service
SRINAGAR to PAMPORE,SRINAGAR,34.08565,74.80555,PAMPORE,34.08565,74.80555,,,City Bus,Ordinary Service
SRINAGAR to RASOO,SRINAGAR,34.08565,74.80555,RASOO,34.08565,74.80555,,,City Bus,Ordinary Service
SRINAGAR to HARWAN,SRINAGAR,34.08565,74.80555,HARWAN,34.15676,74.89312,,,City Bus,Ordinary Service
